word_freq_make,word_freq_address,word_freq_all,word_freq_3d,word_freq_our,word_freq_over,word_freq_remove,word_freq_internet,word_freq_order,word_freq_mail,word_freq_receive,word_freq_will,word_freq_people,word_freq_report,word_freq_addresses,word_freq_free,word_freq_business,word_freq_email,word_freq_you,word_freq_credit,word_freq_your,word_freq_font,word_freq_000,word_freq_money,word_freq_hp,word_freq_hpl,word_freq_george,word_freq_650,word_freq_lab,word_freq_labs,word_freq_telnet,word_freq_857,word_freq_data,word_freq_415,word_freq_85,word_freq_technology,word_freq_1999,word_freq_parts,word_freq_pm,word_freq_direct,word_freq_cs,word_freq_meeting,word_freq_original,word_freq_project,word_freq_re,word_freq_edu,word_freq_table,word_freq_conference,char_freq_;,char_freq_(,char_freq_[,char_freq_!,char_freq_$,char_freq_#,capital_run_length_average,capital_run_length_longest,capital_run_length_total,spam
0,0.64,0.64,0,0.32,0,0,0,0,0,0,0.64,0,0,0,0.32,0,1.29,1.93,0,0.96,0,0,0,0,0,0,0,0,0,0,0,0,0,0,0,0,0,0,0,0,0,0,0,0,0,0,0,0,0,0,0.778,0,0,3.756,61,278,1
0.21,0.28,0.5,0,0.14,0.28,0.21,0.07,0,0.94,0.21,0.79,0.65,0.21,0.14,0.14,0.07,0.28,3.47,0,1.59,0,0.43,0.43,0,0,0,0,0,0,0,0,0,0,0,0,0.07,0,0,0,0,0,0,0,0,0,0,0,0,0.132,0,0.372,0.18,0.048,5.114,101,1028,1
0.06,0,0.71,0,1.23,0.19,0.19,0.12,0.64,0.25,0.38,0.45,0.12,0,1.75,0.06,0.06,1.03,1.36,0.32,0.51,0,1.16,0.06,0,0,0,0,0,0,0,0,0,0,0,0,0,0,0,0.06,0,0,0.12,0,0.06,0.06,0,0,0.01,0.143,0,0.276,0.184,0.01,9.821,485,2259,1
0,0,0,0,0.63,0,0.31,0.63,0.31,0.63,0.31,0.31,0.31,0,0,0.31,0,0,3.18,0,0.31,0,0,0,0,0,0,0,0,0,0,0,0,0,0,0,0,0,0,0,0,0,0,0,0,0,0,0,0,0.137,0,0.137,0,0,3.537,40,191,1
0,0,0,0,0.63,0,0.31,0.63,0.31,0.63,0.31,0.31,0.31,0,0,0.31,0,0,3.18,0,0.31,0,0,0,0,0,0,0,0,0,0,0,0,0,0,0,0,0,0,0,0,0,0,0,0,0,0,0,0,0.135,0,0.135,0,0,3.537,40,191,1
0,0,0,0,1.85,0,0,1.85,0,0,0,0,0,0,0,0,0,0,0,0,0,0,0,0,0,0,0,0,0,0,0,0,0,0,0,0,0,0,0,0,0,0,0,0,0,0,0,0,0,0.223,0,0,0,0,3,15,54,1
0,0,0,0,1.92,0,0,0,0,0.64,0.96,1.28,0,0,0,0.96,0,0.32,3.85,0,0.64,0,0,0,0,0,0,0,0,0,0,0,0,0,0,0,0,0,0,0,0,0,0,0,0,0,0,0,0,0.054,0,0.164,0.054,0,1.671,4,112,1
0,0,0,0,1.88,0,0,1.88,0,0,0,0,0,0,0,0,0,0,0,0,0,0,0,0,0,0,0,0,0,0,0,0,0,0,0,0,0,0,0,0,0,0,0,0,0,0,0,0,0,0.206,0,0,0,0,2.45,11,49,1
0.15,0,0.46,0,0.61,0,0.3,0,0.92,0.76,0.76,0.92,0,0,0,0,0,0.15,1.23,3.53,2,0,0,0.15,0,0,0,0,0,0,0,0,0.15,0,0,0,0,0,0,0,0,0,0.3,0,0,0,0,0,0,0.271,0,0.181,0.203,0.022,9.744,445,1257,1
0.06,0.12,0.77,0,0.19,0.32,0.38,0,0.06,0,0,0.64,0.25,0,0.12,0,0,0.12,1.67,0.06,0.71,0,0.19,0,0,0,0,0,0,0,0,0,0,0,0,0,0,0,0,0,0,0,0,0.06,0,0,0,0,0.04,0.03,0,0.244,0.081,0,1.729,43,749,1
0,0,0,0,0,0,0.96,0,0,1.92,0.96,0,0,0,0,0,0,0.96,3.84,0,0.96,0,0,0,0,0,0,0,0,0,0,0,0,0,0,0,0,0,0,0.96,0,0,0,0,0,0,0,0,0,0,0,0.462,0,0,1.312,6,21,1
0,0,0.25,0,0.38,0.25,0.25,0,0,0,0.12,0.12,0.12,0,0,0,0,0,1.16,0,0.77,0,0,0,0,0,0,0,0,0,0,0,0,0,0,0,0,0,0,0,0,0,0,0,0,0,0,0,0.022,0.044,0,0.663,0,0,1.243,11,184,1
0,0.69,0.34,0,0.34,0,0,0,0,0,0,0.69,0,0,0,0.34,0,1.39,2.09,0,1.04,0,0,0,0,0,0,0,0,0,0,0,0,0,0,0,0,0,0,0,0,0,0,0,0,0,0,0,0,0.056,0,0.786,0,0,3.728,61,261,1
0,0,0,0,0.9,0,0.9,0,0,0.9,0.9,0,0.9,0,0,0,0,0,2.72,0,0.9,0,0,0,0,0,0,0,0,0,0,0,0,0,0,0,0,0,0,0,0,0,0,0,0,0,0,0,0,0,0,0,0,0,2.083,7,25,1
0,0,1.42,0,0.71,0.35,0,0.35,0,0.71,0,0.35,0,0,0,5.35,0,0,3.21,0,2.85,0,0.35,0,0,0,0,0,0,0,0,0,0,0,0,0,0,0,0,0,0,0,0,0,0,0,0,0,0,0.102,0,0.357,0,0,1.971,24,205,1
0,0.42,0.42,0,1.27,0,0.42,0,0,1.27,0,0,0,0,0,1.27,0,0,1.7,0.42,1.27,0,0,0.42,0,0,0,0,0,0,0,0,0,0,0,0,1.27,0,0,0.42,0,0,0,0,0,0,0,0,0,0.063,0,0.572,0.063,0,5.659,55,249,1
0,0,0,0,0.94,0,0,0,0,0,0,0,0,0,0,0,0,0,1.88,0,2.83,0,0,0,0,0,0,0,0,0,0,0,0,0,0,0,0,0,0,0,0,0,0,0,0,0,0,0,0,0,0,0.428,0,0,4.652,31,107,1
0,0,0,0,0,0,0,0,0,0,0,0,0,0,0,0,0,0,0,0,2.11,0,0.7,0,0,0,0,0,0,0,0,0,0,0,0,0,0,0,0,0,0,0,0,0,0,0,0,0,0,0,0,1.975,0.37,0,35.461,95,461,1
0,0,0.55,0,1.11,0,0.18,0,0,0,0,0,0.92,0,0.18,0,0.37,0.37,3.15,0,0.92,0,0,0,0,0,0,0,0,0,0,0,0,0,0,0,0,0,0,0,0,0,0,0,0,0,0,0,0,0.182,0,0.455,0,0,1.32,4,70,1
0,0.63,0,0,1.59,0.31,0,0,0.31,0,0,0.63,0,0,1.27,0.63,0.31,3.18,2.22,0,1.91,0,0.31,0.63,0,0,0,0.31,0,0,0,0,0,0,0,0,0,0,0,1.59,0,0,0,0,0,0,0,0,0,0.275,0,0.055,0.496,0,3.509,91,186,1
0,0,0,0,0,0,0,0,0,0,0,0,0,0,0,0,0,0,0,0,0,0,0,0,0,0,0,0,0,0,0,0,0,0,0,0,0,0,0,0,0,0,0,0,0,0,0,0,0,0.729,0,0.729,0,0,3.833,9,23,1
0.05,0.07,0.1,0,0.76,0.05,0.15,0.02,0.55,0,0.1,0.47,0.02,0,0,0,0.02,0.13,2.09,0.1,1.57,0,0.05,0,0,0,0,0,0,0,0,0,0,0,0,0.02,0.1,0,0,0,0,0,0,0,0,0,0,0,0.042,0.101,0.016,0.25,0.046,0.059,2.569,66,2259,1
0,0,0,0,2.94,0,0,0,0,0,0,0,0,0,0,2.94,0,0,0,0,0,0,0,0,0,0,0,0,0,0,0,0,0,0,0,0,0,0,0,0,0,0,0,0,0,0,0,0,0.404,0.404,0,0.809,0,0,4.857,12,34,1
0,0,0,0,1.16,0,0,0,0,0,0,0.58,0,0,0,1.16,0,1.16,1.16,0,1.75,0,0,0,0,0,0,0,0,0,0,0,0,0,0,0,0,0,0,0,0,0,0,0,0,0,0,0,0,0.133,0,0.667,0,0,1.131,5,69,1
0,0,0,0,0,0,0,0,0,0,0,0,0,0,0,0,0,0,0,0,0,0,0,0,0,0,0,0,0,0,0,0,0,0,0,0,0,0,0,0,0,0,0,0,1.44,0,0,0,0,0.196,0,0.392,0.196,0,5.466,22,82,1
0.05,0.07,0.1,0,0.76,0.05,0.15,0.02,0.55,0,0.1,0.47,0.02,0,0,0,0.02,0.13,2.09,0.1,1.57,0,0.05,0,0,0,0,0,0,0,0,0,0,0,0,0.02,0.1,0,0,0,0,0,0,0,0,0,0,0,0.042,0.101,0.016,0.25,0.046,0.059,2.565,66,2258,1
0,0,0,0,0,0,0,0,0,0,0,0,0,0,0,0,0,0,0,0,0,0,0,0,0,0,0,0,0,0,0,0,0,0,0,0,0,0,0,0,0,0,0,0,1.44,0,0,0,0,0.196,0,0.392,0.196,0,5.466,22,82,1
0,0,0,0,0,0,1.66,0,0,0,0,0,0,0,0,0,0,0,3.33,0,0,0,0,3.33,0,0,0,0,0,0,0,0,0,0,0,0,0,0,0,0,0,0,0,0,0,0,0,0,0,0,0,0.368,0,0,2.611,12,47,1
0,0,0,0,0,0,0,0,0,0,0,0,0,0,0,3.33,0,0,0,0,0,0,0,0,0,0,0,0,0,0,0,0,0,0,0,0,0,0,0,0,0,0,0,0,0,0,0,0,0,0.352,0,0.352,0,0,4,11,36,1
0,0,0,0,0.65,0,0.65,0,0,0,0.65,0.65,0,0,0,0.65,1.3,0,1.3,5.22,1.3,0,0,0.65,0,0,0,0,0,0,0,0,0,0,0,0,0,0,0,0,0,0,0,0,0,0,0,0,0,0.459,0,0.091,0,0,2.687,66,129,1
1.17,0,0,0,0,0,0,0,0,0,0,1.17,0,0,0,0,1.17,0,3.52,0,0,0,0,0,0,0,0,0,0,0,0,0,0,0,0,0,0,0,0,0,0,0,0,0,1.17,0,0,0,0,0,0,0.886,0,0,1.966,10,59,1
0,0,3.03,0,0,0,0,0,0,0,0,0,0,0,0,3.03,0,0,0,0,0,0,0,0,0,0,0,0,0,0,0,0,0,0,0,0,0,0,0,0,0,0,0,0,0,0,0,0,0,0.352,0,2.112,0,0,3.909,11,43,1
0,0,0,0,1.89,0.27,0,0,0,0,0,0.81,0,0,0,0.27,0,0,3.51,0,2.7,0,0,0.27,0,0,0,0,0,0,0,0,0,0,0,0,0,0,0,0,0,0,0,0,0,0,0,0,0,0.045,0,0,0.091,0,1.39,11,89,1
0,0,0,0,0,0,0,0,0,0,0,0,0,0,0,0,0,4.83,4.83,0,0,0,0,0,0,0,0,0,0,0,0,0,0,0,0,0,0,0,0,0,0,0,0,0,0,0,0,0,0,0,0,0,0.302,0,1.7,5,17,1
0,0.68,0,0,0,0,0,0,0,0.68,1.36,0,0,0,0,0,0,0,2.04,0,0.68,0,0,0,0.68,0,0,0.68,0,0,1.36,0,0,0,0.68,0,1.36,0,0,0,0,0,0,0,0,0,0,0,0,0,0.185,0,0,0,3.826,30,264,1
0,0,2.56,0,0,0,0,0,0,0,0,0,0,0,0,0,0,0,5.12,0,0,0,0,0,0,0,0,0,0,0,0,0,0,0,0,0,0,0,0,0,0,0,0,0,0,0,0,0,0,0.308,0,1.543,0,0,2.777,6,25,1
0,0,0,0,2.94,0,0,0,0,0,0,0,0,0,0,2.94,0,0,0,0,0,0,0,0,0,0,0,0,0,0,0,0,0,0,0,0,0,0,0,0,0,0,0,0,0,0,0,0,0.436,0.436,0,0.873,0,0,4.142,12,29,1
0,0,0.48,0,1.46,0,0.48,0,0,0,0,0.97,0,0,0,0.48,0.97,0,2.43,0,2.43,0,0.48,0,0,0,0,0,0,0,0,0,0,0,0,0,0,0,0,0,0,0,0,0,0.48,0,0,0,0,0.081,0,0.488,0.244,0,5.431,78,239,1
0,0.48,0.48,0,0.48,0,0,0,0,0,0,0.97,0,0,0,0.48,0,0.97,1.46,0,0.97,0,0,0,0,0,0,0,0,0,0,0,0,0,0,0,0,0,0,0,0,0,0,0,0,0,0,0,0,0.08,0,0.963,0,0,3.1,61,186,1
0,0.41,1.66,0,0.41,0,0,0,0,0,0,0.41,0,0,0,0.41,0,0.83,2.08,0,1.25,0,0,0,0,0,0,0,0,0,0,0,0,0,0,0,0,0,0,0,0,0,0,0,0.41,0,0,0,0,0.068,0,0.75,0,0,3.851,121,285,1
0.3,0,0,0,0.61,0.92,0,2.45,0,0,0,0.3,1.53,0,0,0,0,0.3,2.76,0,0.61,0,0.3,0.61,0,0,0,0,0,0,0,0,0,0,0,0,0.3,0,0,0,0,0,0,0,0,0,0,0,0,0.051,0,0.207,0.207,0,2.132,30,226,1
0,0,0,0,2.94,0,0,0,0,0,0,0,0,0,0,2.94,0,0,0,0,0,0,0,0,0,0,0,0,0,0,0,0,0,0,0,0,0,0,0,0,0,0,0,0,0,0,0,0,0.335,0.335,0,0.671,0,0,4,12,28,1
0,0,0,0,2.94,0,0,0,0,0,0,0,0,0,0,2.94,0,0,0,0,0,0,0,0,0,0,0,0,0,0,0,0,0,0,0,0,0,0,0,0,0,0,0,0,0,0,0,0,0.355,0.355,0,0.711,0,0,4,12,28,1
0,0,0.55,0,1.11,0,0.18,0,0,0,0,0.18,0.92,0,0.18,0,0.37,0.37,3.15,0,0.92,0,0,0,0,0,0,0,0,0,0,0,0,0,0,0,0,0,0,0,0,0,0,0,0,0,0,0,0,0.182,0,0.426,0,0,1.283,4,68,1
0,0,0,0,0.52,0,0.26,0.52,0,0.26,0.26,0.52,0,0,0,0.26,1.56,0.26,1.82,2.08,0.26,0,0,0,0,0,0,0,0,0,0,0,0,0,0,0,0,0,0,0,0,0,0,0,0,0,0,0,0,0.073,0,0.813,0.036,0.147,2.145,38,339,1
0.15,0.45,1.05,0,0.45,0,0,1.81,0.6,0.75,0,0.9,0.3,0,0.3,0,0,0,4.07,0,1.51,0,0,0.3,0,0,0,0,0,0,0,0,0,0,0,0,0,0,0,0,0,0,0,0,0.15,0,0,0,0,0.25,0,1.318,0.068,0,5.301,130,774,1
0.18,0,0.18,0,1.57,0.36,0.06,0.06,0.06,0.12,0.06,0.54,0.3,0.06,0,0,0.72,0.06,4.54,0.24,1.09,0,0.84,0.06,0,0,0,0,0,0,0,0,0,0,0,0,0,0,0,0,0,0,0.06,0,0.06,0,0,0,0.01,0.052,0,0.01,0.167,0,1.733,12,442,1
0.49,0,0.99,0,0,0.99,0,0,0,0.99,0.99,2.48,0.49,0,0,4.97,0.99,0,3.48,0,1.99,0,0.49,0,0,0,0,0,0,0,0,0,0,0,0,0,0,0,0,0,0,0,0,0,0,0,0,0,0,0.34,0,0.17,0,0,1.468,8,94,1
0.46,0.3,0.46,0,0.05,0.12,0.05,0.28,0.43,0.74,0.25,0.97,0.56,1.23,0,0.25,0.43,0.02,3.22,0,1.46,0,1.05,0.36,0,0,0,0,0,0,0,0,0,0,0,0,0,0,0,0,0,0,0,0,0.02,0,0,0,0,0.065,0,0.325,0.756,0.153,5.891,193,3040,1
0.46,0.46,0.26,0,0,0.33,0.06,0.33,0,1.12,0.39,0.73,0.79,0,0.26,0.26,0,0.26,3.51,0,0.66,0,0.19,0.26,0,0,0,0,0,0,0,0,0,0,0,0,0,0,0,0,0,0,0,0,0,0,0,0,0.036,0.084,0,0.278,0.23,0.084,3.887,40,898,1
0,1.92,0,0,1.92,0,0,0,0,0,0,1.92,0,0,0,0,0,0,1.92,0,3.84,0,0,0,0,0,0,0,0,0,0,0,0,0,0,0,0,0,0,0,0,0,0,0,0,0,0,0,0,0,0,0,0,0,2.75,12,33,1
0.73,0.36,1.09,0,0,0.73,0.73,1.09,0.36,0.36,0,0.36,0,0,0,1.09,0.36,0.36,2.19,2.19,2.19,0,1.83,0,0,0,0,0,0,0,0,0,0,0,0,0,0,0,0,0,0,0,0,0,0,0,0,0,0,0.11,0,0.498,0.332,0,3.254,30,179,1
0.06,0.12,0.77,0,0.19,0.32,0.38,0,0.06,0,0,0.64,0.25,0,0.12,0,0,0.12,1.67,0.06,0.7,0,0.19,0,0,0,0,0,0,0,0,0,0,0,0,0,0,0,0,0,0,0,0,0.06,0,0,0,0,0.04,0.03,0,0.244,0.071,0,1.732,43,750,1
0,1.26,0,0,0,1.26,0,0,0,0,0,1.26,0,0,0,0,0,0,0,0,1.26,0,0,1.26,0,0,0,0,0,0,0,0,0,0,0,0,0,0,0,0,0,0,0,0,1.26,0,0,0,0,0.198,0,0.198,0.596,0,3.833,17,69,1
0.73,0.36,0.73,0,0,0.73,0.73,1.1,0.36,0.36,0,0.36,0,0,0,1.1,0.36,0.36,2.2,2.2,2.2,0,1.83,0,0,0,0,0,0,0,0,0,0,0,0,0,0,0,0,0,0,0,0,0,0,0,0,0,0,0.111,0,0.5,0.333,0,3.259,30,176,1
0,0,0,0,0,0,0,0,0,0,0,0,0,0,0,1.08,0,0,1.08,0,2.17,0,0,0,0,0,0,0,0,0,0,0,0,0,0,0,0,0,0,0,0,0,0,0,0,0,0,0,0,0,0,1.478,0,0,2,30,106,1
0,0,0,0,0,0,1.04,0,0,0,0,1.04,0,0,0,0,1.04,0,3.66,0,2.09,0,0,0,0,0,0,0,0,0,0,0,0,0,0,0,0,0,0,0,0,0,0,0,0,0,0,0,0.061,0.246,0,0.615,0.061,0.061,3.318,59,146,1
0,0,1.26,0,0,0,0,0,0,0,0,2.53,0,0,0,0,0,0,2.53,0,5.06,0,0,0,0,0,0,0,0,0,0,0,0,0,0,0,0,0,0,0,0,0,0,0,0,0,0,0,0,0,0,0,0,0,3.642,8,51,1
0,0.45,0.45,0,0.45,0,0,0,0,0,0,0.45,0,0,0,0.45,0,0.91,1.36,0,1.36,0,0,0,0,0,0,0,0,0,0,0,0,0,0,0,0,0,0,0,0,0,0,0,0,0,0,0,0,0,0,1.501,0,0,2.777,61,200,1
0,0.42,1.68,0,0.42,0,0,0,0,0,0,0.42,0,0,0,0.42,0,0.84,2.1,0,1.68,0,0,0,0,0,0,0,0,0,0,0,0,0,0,0,0,0,0,0,0,0,0,0,0.42,0,0,0,0,0.066,0,0.669,0,0,3.837,121,284,1
0,0.59,0,0,0,0,0.59,0,0,0.59,0,0.59,0,0,0,0,0,1.18,1.77,0,0,0,0,0,0,0,0,0,0,0,0,0,0,0,0,0,0,0,0,0,0,0,0,0,0,0,0,0,0,0.257,0,0,0,0,8.586,66,249,1
0.23,0,0.47,0,0.23,0,0,0,0,0,0,0,0,0.23,0,0.23,0.23,0,7.1,0,1.89,0,0,0.23,0,0,0,0,0,0,0,0,0,0,0,0,0,0,0,0,0,0,0,0,0.71,0,0,0,0.043,0.043,0,0.175,0,0,1.294,11,66,1
0,0,0.46,0,1.39,0,0.93,0.93,0,0,0.46,0.93,0,0,0,1.39,0,0.46,0.93,0,0.46,0,0,0,0,0,0,0,0,0,0,0,0,0,0,0,0,0.46,0,0,0,0,0,0,0,0,0,0,0.069,0,0,0,0,0.069,1.442,8,75,1
0,0.34,0,0,0.68,0,0.68,0,0,0.34,0.34,0,0,0,0,0.34,0,1.36,3.42,0,2.73,0,0,0,0.34,0.34,0,0,0,0,0,0,0.34,0,0,0,0,0,0,0,0,0,0,0,0,0,0,0,0,0,0,0.048,0.048,0,1.411,15,96,1
0.12,0.24,0.12,0,1.32,0.36,0,0.36,0,0,0.36,0.72,0,0,0,0,0,0,4.1,0,3.01,0,0.12,0,0,0,0,0,0,0,0,0,0.12,0,0,0,0.12,0,0,0.12,0,0,0,0,0,0,0,0,0,0.059,0,0.019,0.019,0,1.714,34,180,1
0.66,0,0.66,0,0,0,0,0,0,0.66,0,0,0,0,0,1.98,1.32,0,1.32,0,1.32,0,0,0,0,0,0,0,0,0,0,0,0,0,0,0,0,0,0,0,0,0,0,0,0,0,0,0,0,0,0,2.205,0,0,3.184,34,121,1
0,0.48,0.48,0,1.46,0,0.48,0,0,0.97,0.48,0,0,0,0,0.48,0,0,0.97,0.48,1.95,0,0,0.48,0,0,0,0,0,0,0,0,0,0,0,0,1.46,0,0,0.48,0,0,0,0,0,0,0,0,0,0.073,0,0.589,0.294,0,4.85,47,194,1
0,0,0,0,0,0,1.47,0,0,1.47,0,1.47,0,0,0,0,0,0,5.88,0,1.47,0,0,0,0,0,0,0,0,0,0,0,0,0,0,0,0,0,0,0,0,0,0,0,0,0,0,0,0,0,0,0.5,0,0,1.214,3,17,1
0.3,0,0.61,0,0,0,0,0,0,0.92,0.3,0.92,0.3,0.3,0,2.15,0.61,0,5.53,0,1.23,0,0,0.3,0,0,0,0,0,0,0,0,0,0.3,0,0,0,0,0,0,0,0,0,0,0.3,0,0,0,0,0.1,0,1.053,0.351,0.25,3.884,66,303,1
0,0,0,0,0,0,0,0,0,0,0,0,0,0,0,0,0,0,0,0,0,0,1.96,0,0,0,0,0,0,0,0,0,0,0,0,0,1.96,0,0,0,0,0,0,0,0,0,0,0,0,0.201,0,0,0.1,0,4.548,59,141,1
0,0,0,0,1.26,0,2.53,1.26,1.26,1.26,1.26,1.26,0,0,0,0,5.06,0,2.53,1.26,3.79,0,0,0,0,0,0,0,0,0,0,0,0,0,0,0,0,0,0,0,0,0,0,0,0,0,0,0,0,0,0,0.537,0,0,72.5,287,290,1
0,0.53,0.53,0,0.53,0,0,0,0,0,0,0.53,0,0,0,0.53,0,1.06,1.6,0,1.06,0,0,0,0,0,0,0,0,0,0,0,0,0,0,0,0,0,0,0,0,0,0,0,0,0,0,0,0,0.087,0,0.877,0,0,3.4,61,187,1
0,0.44,0.89,0,0.44,0,0,0,0,0,0,0.44,0,0,0,0.44,0,0.89,2.24,0,1.34,0,0,0,0,0,0,0,0,0,0,0,0,0,0,0,0,0,0,0,0,0,0,0,0.44,0,0,0,0,0.073,0,0.807,0,0,3.849,121,281,1
0,0.46,0.46,0,0.46,0.46,0.46,0,0,0,0.46,0.46,0,0,0,0.92,0,0.92,2.76,0,1.38,0,0.46,0,0,0,0,0,0,0,0,0,0,0,0,0,0,0,0,0.46,0,0,0,0,0.46,0,0,0,0,0,0,0.298,0.223,0,2.156,13,110,1
0,0,0.48,0,1.44,0,0.48,0,0,0,0,0.96,0,0,0,0.48,0.96,0,2.41,0,2.41,0,0.48,0,0,0,0,0,0,0,0,0,0,0,0,0,0,0,0,0,0,0,0,0,0.48,0,0,0,0,0.081,0,0.486,0.243,0,5.13,78,236,1
0,0.94,0.94,0,0,0,0,0,0,0.94,0,0,0,0,0,2.83,0,0,0.94,0,0.94,0,1.88,0,0,0,0,0,0,0,0,0,0,0,0,0,0,0,0,0,0,0,0,0,0,0,0,0,0,0,0,1.366,0,0,26.5,245,318,1
0,0,1.77,0,0,0,0,0,0,0,0,0.59,0,0,0,0,0,0.59,4.14,0,1.18,0,0,0,0,0,0,0,0,0,0,0,0.59,0,0,0,0,0,0,0,0,0,0,0,0,0,0,0,0,0.165,0,0.165,0.082,0,2.325,16,100,1
0.75,0.18,0.37,0,0.18,0.12,0,0.25,0.75,0.31,0.25,1.51,0.31,0.37,0,0.37,0.44,0.12,2.96,0.69,1.26,0,0.44,0.75,0,0,0,0,0,0,0,0,0,0,0,0,0.12,0,0,0.12,0,0,0.06,0,0,0,0,0,0,0.085,0.053,0.437,0.234,0.064,3.675,45,1066,1
0,0.41,0.2,0,1.67,0.2,0.2,0,0,1.04,0.2,0,0.2,0,0,0.83,0.2,0,2.09,0,0.62,0,0.62,0,0,0,0,0,0,0,0,0,0,0,0,0,0,0,0,0,0,0,0,0,0.41,0.62,0,0.2,0,0,0,0.132,0,0,1.65,15,175,1
0,0,0,0,0,0,0,0,0,0,0,0,0,0,0,0,0,5.26,5.26,0,0,0,0,0,0,0,0,0,0,0,0,0,0,0,0,0,0,0,0,0,0,0,0,0,0,0,0,0,0,0,0,0,0.338,0,1.666,5,10,1
0,0,0,0,0,0,0,0,0,0,0,0,0,0,0,0,0,0,5.55,0,1.11,0,0,0,0,0,0,0,0,0,0,0,0,0,0,0,0,0,0,0,0,0,0,0,0,0,0,0,0,0,0,1.431,0,0,4.071,29,114,1
0,0,0.23,0,0,0,0.23,0,0,0.95,0,0.47,0,0.23,0,0.23,0.95,0,2.38,0,1.9,0,0,0.47,0,0,0,0,0,0,0,0,0,0,0,0.23,0.23,0,0,0,0,0,0,0,0,0,0,0,0,0.123,0,0.197,0,0.024,5.038,280,519,1
0,0.72,0.72,0,0,0,0,1.45,0,0,0.72,0,0,0,0,2.91,0,0.72,1.45,0,0,0,0.72,0,0,0,0,0,0,0,0,0,0,0,0,0,0,0,0,0,0,0,0,0,0,0,0,0,0,0.123,0,0.495,0,0,1.525,8,61,1
0,0,1.28,0,1.28,1.28,0,0,0,0,0,0,0,0,0,1.28,0,0,2.56,0,1.28,0,1.28,0,0,0,0,0,0,0,0,0,0,0,0,0,0,0,0,0,0,0,0,0,0,0,0,0,0,0.181,0,0.724,0,0,3.071,9,43,1
0,0,0,0,0,0,0,0,0,0,0,0,0,0,0,0,0,0,0,0,0,0,0,0,0,0,0,0,0,0,0,0,0,0,0,0,0,0,0,0,0,0,0,0,0,0,0,0,0,0.278,0,0.834,0,0,5.13,27,118,1
0,0.46,0.46,0,1.4,0,0.46,1.86,0,0.93,0.46,0,0,0,0,1.86,0,0,0.93,0.46,1.4,0,0,0.46,0,0,0,0,0,0,0,0,0,0,0,0,1.4,0,0,0.46,0,0,0,0,0,0,0,0,0,0.071,0,0.571,0.214,0,4.63,64,213,1
0,0,0.38,0,1.15,0.76,0,0,0,0,0,0.38,0.38,0,0,0.38,0,0.38,2.69,0,2.3,0,0,0.38,0,0,0,0,0,0,0,0,0,0,0,0,0,0,0,0,0,0,0,0,0,0,0,0,0,0.122,0,0.061,0.061,0,1.775,20,158,1
0,0.79,0,0,0,0,0,0,0,0,0,0,0,0,0,0.79,1.58,1.58,3.96,0,1.58,0,0,0,0,0,0,0,0,0,0,0,0,0,0,0,0,0,0,0,0,0,0,0,0.79,0,0,0,0,0.268,0,0.268,0,0,2.815,26,107,1
0.06,0.06,0.47,0,0.4,0,0,0,0.67,0.06,0,0.33,0.13,0,0,0.2,0,0,1.14,0.13,1.21,0,0,0.06,0,0,0,0,0.06,0,0,0,0,0,0,0,0,0,0,0,0,0.13,0,0,0.06,0,0,0,0.021,0.107,0,0.096,0.085,0.01,3.353,144,845,1
0,0,0,0,0,0,0,0,0,0,0,0,0,0,0,0,0,0,0,0,0,0,0,0,0,0,0,9.09,0,0,0,0,0,0,0,0,0,0,0,0,0,0,0,0,0,0,0,0,0,1.153,0,0,0,0,3.8,23,38,1
0,0.56,1.12,0,2.24,0,1.12,0,0,0,0,0.56,0.56,0,0,0.56,2.8,0,3.93,0,1.68,0,0,0,0,0,0,0,0,0,0,0,0,0,0,0,0,0,0,0,0,0,0,0,0,0,0,0,0,0.25,0,1.083,0.333,0,4.974,140,194,1
0.47,0.31,0.47,0,0.05,0.13,0.05,0.26,0.44,0.76,0.26,0.97,0.58,1.26,0,0.26,0.44,0,3.25,0,1.5,0,1.05,0.34,0,0,0,0,0,0,0,0,0,0,0,0,0,0,0,0,0,0,0,0,0.02,0,0,0,0.004,0.066,0,0.322,0.764,0.159,6.1,193,3038,1
0.59,0.44,0.29,0,0.14,0.03,0.03,0.14,0.56,0.67,0.29,0.67,0.59,1.23,0.03,0.22,0.44,0.07,3.43,0,1.53,0,0.59,0.63,0,0,0,0,0,0,0,0,0,0,0.03,0,0,0,0,0,0,0,0,0,0.07,0,0,0,0,0.075,0,0.613,0.532,0.137,7.3,763,2453,1
0.59,0.44,0.29,0,0.14,0.03,0.03,0.14,0.56,0.67,0.29,0.67,0.59,1.23,0.03,0.22,0.44,0.07,3.43,0,1.53,0,0.59,0.63,0,0,0,0,0,0,0,0,0,0,0.03,0,0,0,0,0,0,0,0,0,0.07,0,0,0,0,0.075,0,0.612,0.531,0.137,7.3,763,2453,1
0.46,0,0.46,0,0,0,0,0.46,0,0,0,1.38,0,0,2.31,0,0.46,0.46,2.77,0,2.31,0,1.38,0,0,0,0,0,0,0,0,0,0,0,0,0,0,0,0,0.46,0,0,0,0,0,0,0,0,0,0.494,0,0.082,0.823,0,3.4,12,102,1
0,0,0.46,0,0,0,0.46,0,0,0,0.46,0,0,0,0,0,0,1.4,1.87,0,0,0.93,0.46,0,0,0,0,0,0,0,0,0,0,0,0,0,0,0,0,0,0,0,0,0,0.46,0,0,0,0,0,0,0,0,0,2.676,32,91,1
0,0.35,0.7,0,0.35,0,0,0,0,0,0,0.7,0,0,0,1.05,0,0.7,2.11,0,1.4,0,0,0,0,0,0,0,0,0,0,0,0,0,0,0,0,0,0,0,0,0,0,0,0.35,0,0,0,0,0.122,0,1.284,0,0,3.639,61,313,1
0,0.43,0.43,0,0.43,0,0,0,0,0,0,0.43,0,0,0,0.43,0,0.86,1.29,0,0.86,0,0,0,0,0,0,0,0,0,0,0,0,0,0,0,0,0,0,0,0,0,0,0,0,0,0,0,0,0.147,0,0.736,0,0,2.81,61,222,1
0,0,0,0,0,0.6,0,0,0,1.21,0,0,0,0,0,0.6,0,0,1.21,0,0,0,0.6,0,0,0,0,0,0,0,0,0,0,0,0,0,0,0,0,0,0,0,0,0,0,0,0,0,0.207,0.518,0.414,0.31,0,0,4.897,17,191,1
1.24,0.41,1.24,0,0,0,0,0,0,0,0,0.41,0,0,0,0.41,0,0.82,3.73,0,1.24,0,0,0.41,0,0,0,0,0,0,0,0,0,0,0,0,0,0,0,0,0,0,0,0,0.41,0,0,0,0,0.065,0,0.461,0.527,0,3.166,19,114,1
0,0,0,0,4.25,0,0.7,0,0,0,0,0,0,0,0,2.83,0,0,4.96,0,1.41,0,0,0,0,0,0,0,0,0,0,0,0,0,0,0,0,0,0,0,0,0,0,0,0,0,0,0,0,0,0,0.38,0,0,1.153,3,30,1
0,0,0.64,0,0,0.64,0,0,0,0,0,0,0,0,0,0.64,0,0,2.59,0,0,0,0.64,0,0,0,0,0,0,0,0,0,0,0,0,0,0.64,0,0,0,0,0,0,0,0,0,0,0,0.094,0.189,0.284,0.662,0,0,10.068,131,292,1
0,0,0,0,0,0,0,0,0,0,0,0,0,0,0,0,0,0,0,0,0,0,0,0,0,0,0,0,0,0,0,0,0,0,0,0,3.33,0,0,0,0,0,0,0,0,0,0,0,0.305,0.611,0,1.529,0,0,5.5,22,66,1
0,0,0.64,0,0,0.64,0,0,0,0,0,0,0,0,0,0.64,0,0,2.59,0,0,0,0.64,0,0,0,0,0,0,0,0,0,0,0,0,0,0.64,0,0,0,0,0,0,0,0,0,0,0,0.094,0.189,0.284,0.662,0,0,10.068,131,292,1
0,0,0,0,0,0,0,0,0,0,0,0,0,0,0,0,0,0,0,0,0,0,0,0,0,0,0,0,0,0,0,0,0,0,0,0,3.33,0,0,0,0,0,0,0,0,0,0,0,0.305,0.611,0,1.529,0,0,5.5,22,66,1
0,0,0.64,0,0,0.64,0,0,0,0,0,0,0,0,0,0.64,0,0,2.59,0,0,0,0.64,0,0,0,0,0,0,0,0,0,0,0,0,0,0.64,0,0,0,0,0,0,0,0,0,0,0,0.094,0.189,0.284,0.662,0,0,10.068,131,292,1
0,0,0,0,0,0,0,0,0,0,0,0,0,0,0,0,0,0,0,0,0,0,0,0,0,0,0,0,0,0,0,0,0,0,0,0,3.33,0,0,0,0,0,0,0,0,0,0,0,0.305,0.611,0,1.529,0,0,5.5,22,66,1
0,0,0,0,0,0.79,0,0,0,0,0,0,0,0,0,0.79,0,0,1.58,0,0,0,0.79,0,0,0,0,0,0,0,0,0,0,0,0,0,0.79,0,0,0,0,0,0,0,0,0,0,0,0.115,0.231,0.347,0.462,0,0,5.793,22,168,1
0,0,0,0,0,0,0,0,0,0,0,0,0,0,0,0,0,0,0,0,0,0,0,0,0,0,0,0,0,0,0,0,0,0,0,0,3.33,0,0,0,0,0,0,0,0,0,0,0,0.305,0.611,0,1.529,0,0,5.5,22,66,1
0,0,0,0,0,0,1.96,0,0,1.96,0,1.96,0,0,0,0,0,0,3.92,0,1.96,0,0,0,0,0,0,0,0,0,0,0,0,0,0,0,0,0,0,0,0,0,0,0,0,0,0,0,0,0,0,0,0,0,6.166,60,74,1
0,0,0,0,0,0,2.46,0,0,0,0,0,0,0,0,2.46,0,0,0,0,0,0,0,0,0,0,0,0,0,0,0,0,0,0,0,0,0,0,0,0,0,0,0,0,0,0,0,0,0,0,0,1.907,0,0,1.285,7,36,1
0,0,0,0,0,0.79,0,0,0,0,0,0,0,0,0,0,0,0,2.38,0,0,0,0,0,0,0,0,0,0,0,0,0,0,0,0,0,0,0,0,0,0,0,0,0,0,0,0,0,0,0.147,0,0,0,0,2.913,27,67,1
0,0,0.76,0,0.38,0,0.76,0,0,0,0,0.38,0,0,0,0,0,0.76,1.52,0,0.76,0,0,0,0,0,0,0,0,0,0,0,0,0,0,0,0,0,0,0,0,0,0,0,0,0,0,0,0,0,0,0,0.177,0.059,3.836,79,211,1
0,0,0,0,0.95,0,0,0,0,0,0,0,0,0,0,0,0,0.47,0.95,0,0.95,0,0,0,0,0,0,0,0,0,0,0,0,0,0,0,0,0,0,0,0,0,0,0,0,0,0,0,0,0.365,0,0,0,0,1.238,6,78,1
0.12,1.76,0.63,0,0.88,0,0.12,0.5,0.25,3.9,0.5,0.88,0.12,0,0,0.25,0.12,0,2.9,0.25,1.38,0,1.13,0.12,0,0,0,0,0,0,0,0,0,0,0,0,0,0,0,0,0,0,0.12,0,0,0,0,0,0.019,0.379,0.159,0,0.119,0,4.155,38,507,1
0,0,1.02,0,0.51,0,0,0,0,0,0,0,0,0,0,0.51,0,0,1.53,0,1.53,0,0,0,0,0,0,0,0,0,0,0,0,0,0,0,0,0,0,0,0,0,0,0,0.51,0,0,0,0,0.09,0,0.542,0,0,1.972,19,146,1
0.05,0.3,0.4,0,0.1,0.05,0,0.05,0.1,0,0,0.3,0.2,0,0.05,0,0,0.5,1.55,0.3,0.75,0,0.15,0.2,0.05,0.05,0,0,0,0,0,0,0,0,0,0,0,0,0,0,0,0,0,0.05,0.05,0,0,0,0,0.045,0,0.054,0.118,0,2.37,96,588,1
0.05,0.3,0.4,0,0.1,0.05,0,0.05,0.1,0,0,0.3,0.2,0,0.05,0,0,0.5,1.55,0.3,0.75,0,0.15,0.2,0.05,0.05,0,0,0,0,0,0,0,0,0,0,0,0,0,0,0,0,0,0.05,0.05,0,0,0,0,0.036,0,0.054,0.118,0,2.379,96,583,1
0,0,0,0,1.28,0,2.56,1.28,1.28,1.28,1.28,1.28,0,0,0,0,5.12,0,2.56,1.28,5.12,0,0,0,0,0,0,0,0,0,0,0,0,0,0,0,0,0,0,0,0,0,0,0,0,0,0,0,0,0,0,0.542,0,0,102.666,304,308,1
0,0.55,0.55,0,2.23,0,1.11,0,0,0,0,0.55,0.55,0,0,0.55,2.79,0,3.91,0,1.67,0,0,0,0,0,0,0,0,0,0,0,0,0,0,0,0,0,0,0,0,0,0,0,0,0,0,0,0,0.248,0,1.158,0.331,0,4.875,140,195,1
0.05,0.3,0.4,0,0.1,0.05,0,0.05,0.1,0,0,0.3,0.2,0,0.05,0,0,0.5,1.55,0.3,0.75,0,0.15,0.2,0.05,0.05,0,0,0,0,0,0,0,0,0,0,0,0,0,0,0,0,0,0.05,0.05,0,0,0,0,0.045,0,0.054,0.118,0,2.37,96,588,1
0.05,0.3,0.4,0,0.1,0.05,0,0.05,0.1,0,0,0.3,0.2,0,0.05,0,0,0.5,1.55,0.3,0.75,0,0.15,0.2,0.05,0.05,0,0,0,0,0,0,0,0,0,0,0,0,0,0,0,0,0,0.05,0.05,0,0,0,0,0.036,0,0.054,0.118,0,2.379,96,583,1
0.5,0.46,0.34,0,0.15,0.03,0,0.19,0.57,0.65,0.3,0.73,0.65,1.27,0.03,0.23,0.42,0,3.08,0,1.34,0,0.5,0.5,0,0,0,0,0,0,0,0,0,0,0,0,0,0,0,0,0,0,0,0,0.03,0,0,0,0.011,0.077,0,0.335,1.281,0.125,7.202,595,2413,1
0,0.32,0.8,0,0.32,0,0.16,0,0,0.48,0.16,0,0.16,0,0.16,0.16,0,0.8,0.16,0.16,0.64,0,0,0,0,0,0,0.16,0,0,0,0,0.16,0,0,0,0,0,0,0,0,0,0,0,0,0,0,0,0,0,0,0.271,0.024,0.049,5.709,149,982,1
0,0,0,0,0.92,0,0.3,0,0,0,0,0,0,0,0,0,0,0,0.3,0,0.61,0,0.61,0,0,0,0,0,0,0,0,0,0,0,0,0,0,0,0,0,0,0,0,0,0,0,0,0,0.046,0,0,0.092,0.322,0,2.074,49,278,1
0.16,0,0.67,0,0.33,0.16,0.33,0.84,0.16,0.5,0.33,1.51,0,0,0,0,1.68,0.33,2.18,1.68,3.69,0,0,0.33,0,0,0,0,0,0,0,0,0,0,0,0,0,0,0,0.16,0,0,0,0,0,0,0,0,0,0.19,0,1.194,0.054,0,5.567,101,657,1
0.5,0,0.5,0,1.51,0,0,0,0,0,0.5,1.01,0,0,0,0,0,0,4.04,0,3.03,0,0,0,0,0,0,0,0,0,0,0,0,0,0.5,0,0,0,0,0,0,0,0,0,1.01,0,0,0,0,0.089,0,0.089,0.178,0,3.416,53,164,1
0,0,0,0,0,0,0.59,0,0,0,0,1.19,0,0,0,0,0,0.59,4.76,0,1.19,0,0,0.59,0,0,0,0,0,0,0,0,0,0,0,0,0,0,0,0,0,0,0,0,0,0,0,0,0,0,0,0.427,0,0,10,33,170,1
0,0,0,0,1.6,0,0.4,1.2,0,0.4,0,0.8,0,0,0,0,1.6,0.4,4,0,2,0,0,0,0,0,0,0,0,0,0,0,0,0,0,0,0,0,0,0,0,0,0,0,0,0,0,0,0,0,0,0.706,0.212,0,1.838,13,114,1
0.41,0,0.41,0,0,0.41,0,0,0,0,0,2.07,0,0,0,0.41,0,0,7.05,0,2.48,0,0.82,0.41,0,0,0,0,0,0,0,0,0,0,0,0,0,0,0,0,0,0,0,0,0,0,0,0,0,0,0,0.97,0.149,0,32.142,335,450,1
0,0,0.38,0,0.76,0,0.38,0,0,1.14,0,0,0,0,0,0.38,0.76,0,3.04,0,1.52,0,0.38,0,0,0,0,0,0,0,0,0,0,0,0,0,0,0,0,0,0,0,0,0,1.14,0,0,0,0,0.299,0,0.598,0.179,0,4.523,78,285,1
0,0,0,0,0.4,0.4,0.4,0.4,0,0,0.4,0,0,0,0,0.4,0,0,4,0,2,0,0,0.4,0,0,0,0,0,0,0,0,0,0,0,0,0,0,0,0,0,0,0,0,0,0,0,0,0,0,0,0.121,0,0,1.979,12,95,1
0,0,1.12,0,0.56,0,0,0,0,0.56,0,0,0,0,0,0.56,0,0,2.25,0,1.12,0,0,0,0,0,0,0,0,0,0,0,0,0,0,0,0,0,0,0,0,0,0,0,0.56,0,0,0,0,0.101,0,0.606,0,0,2.36,19,144,1
0,0,0.8,0,1.44,0.16,0.16,0,0,0,0,0.64,0.8,0,0,0,0.16,0.16,1.6,0,0.47,0,0.64,0,0,0,0,0,0,0,0,0,0,0,0,0,0,0,0,0,0,0,0,0,0,0,0,0,0,0.024,0,0.299,0.174,0,1.891,24,174,1
0,0,0,0,0,0,0,0,0,0,0,0,0,0,0,0,0,0,0,0,0,0,2.53,0,0,0,0,0,0,0,0,0,0,0,0,0,0,0,0,0,0,0,0,0,1.26,0,0,0,0,0.215,0,0.215,0.431,0,4,25,76,1
0,0.39,0.39,0,0.19,0,0,0.19,0,0,0.39,0.39,0,0,0,0.98,0.19,0.39,0.59,0,0.78,0,0.19,0,0,0,0,0,0,0,0,0,0,0,0,0,0,0,0,0.19,0,0,0,0,0,0,0,0,0,0.128,0,0.16,0.16,0,2.128,31,730,1
0,0.39,0.39,0,0.19,0,0,0.19,0,0,0.39,0.39,0,0,0,0.98,0.19,0.39,0.59,0,0.78,0,0.19,0,0,0,0,0,0,0,0,0,0,0,0,0,0,0,0,0.19,0,0,0,0,0,0,0,0,0,0.128,0,0.16,0.16,0,2.128,31,730,1
1,0,0.33,0,0.66,0.66,0,0,0,0,0,0.33,0.66,0,0,0.66,0.66,0,2.33,0,0.33,0,1.66,0.33,0,0,0,0,0,0,0,0,0,0,0,0,0,0,0,0,0,0,0,0,0,0,0,0,0,0.06,0,0.12,0.541,0,5.428,21,304,1
0,0,0,0,1.49,0,0,0,0,0,0,0,0,0,0,2.98,0,1.49,0,0,1.49,0,0,0,1.49,1.49,0,0,0,0,0,0,0,0,0,0,0,0,0,0,0,0,0,0,0,0,0,0,0,0,0,0,0,0,1.1,2,11,1
0,0,0,0,1.65,0,0,0,0.82,0,0,1.65,0,0,0,0.82,0,0,1.65,0,0.82,0,0,0,0,0,0,0,0,0,0,0,0,0,0,0,0,0,0,0,0,0,0,0,0,0,0,0,0,0.415,0,0,0,0,1.769,11,69,1
1,0,0.33,0,0.66,0.66,0,0,0,0,0,0.33,0.66,0,0,0.66,0.66,0,2.33,0,0.33,0,1.66,0.33,0,0,0,0,0,0,0,0,0,0,0,0,0,0,0,0,0,0,0,0,0,0,0,0,0,0.06,0,0.12,0.541,0,5.428,21,304,1
0,0,0,0,0,0,1.58,0,0,0,0,0,1.58,0,0,0,0,0,1.58,0,0,0,0,0,0,0,0,0,0,0,0,0,0,0,0,0,0,0,0,0,0,0,0,0,0,0,0,0,0,0,0,0.558,0.279,0,3.272,23,36,1
0.5,0.46,0.34,0,0.15,0.03,0,0.19,0.57,0.65,0.3,0.73,0.65,1.27,0.03,0.23,0.42,0,3.08,0,1.34,0,0.5,0.5,0,0,0,0,0,0,0,0,0,0,0,0,0,0,0,0,0,0,0,0,0.03,0,0,0,0.011,0.077,0,0.335,1.281,0.125,7.202,595,2413,1
0,0,0,0,0,0,1.58,0,0,0,0,0,1.58,0,0,0,0,0,1.58,0,0,0,0,0,0,0,0,0,0,0,0,0,0,0,0,0,0,0,0,0,0,0,0,0,0,0,0,0,0,0,0,0.558,0.279,0,3.272,23,36,1
0,0,1.38,0,0,0,0,0,0,0,0,1.38,0,0,0,2.77,0,4.16,4.16,0,1.38,0,0,0,0,0,0,0,0,0,0,0,0,0,0,0,0,0,0,0,0,0,0,0,0,0,0,0,0,0,0,0.715,0,0,1.181,2,13,1
0,0,0,0,0,0,0,0,0,0,0,0,0,0,0,0,0,0,0,0,0,0,2.53,0,0,0,0,0,0,0,0,0,0,0,0,0,0,0,0,0,0,0,0,0,1.26,0,0,0,0,0.215,0,0.215,0.431,0,4.277,27,77,1
1,0,0.33,0,0.66,0.66,0,0,0,0,0,0.33,0.66,0,0,0.66,0.66,0,2.33,0,0.33,0,1.66,0.33,0,0,0,0,0,0,0,0,0,0,0,0,0,0,0,0,0,0,0,0,0,0,0,0,0,0.06,0,0.12,0.541,0,5.428,21,304,1
0,0.29,0.72,0,0.29,0,0.14,0,0,0.43,0.29,0,0.14,0,0.14,0.14,0,0.72,0.58,0.14,0.43,0,0,0,0,0,0,0,0,0,0,0,0,0,0,0,0,0,0,0.14,0,0,0,0,0.14,0,0,0,0,0,0,0.865,0.023,0.046,5.133,132,1001,1
0.36,0,1.09,0,0,0,0,0,0,0,0,0.72,1.81,0,0,0,0,0,0.72,0,1.09,0,0,0.72,0,0,0,0,0,0,0,0,0,0,0,0,0,0,0,0,0,0,0,0,0,0,0,0,0.063,0.126,0,0.063,0.126,0,2.562,35,123,1
0,0,0.27,0,0.81,0.81,0,2.98,0.54,0.81,0.27,0.54,0.27,0,0,0.81,1.63,0.27,2.17,1.35,2.44,0,0,0.27,0,0,0,0,0,0,0,0,0,0,0,0,0,0,0,0,0,0,0,0,0,0,0,0,0,0.04,0,0.565,0.121,0,1.617,18,131,1
0.39,0,0.39,0,0,0.39,0,0,0,0,0,0.39,0.78,0,0,0,1.17,0.78,3.13,0,1.17,0,0,1.56,0,0,0,0,0,0,0,0,0,0,0,0,0,0,0,0,0,0,0,0,0,0,0,0,0,0,0,0.261,0,0,1.461,19,114,1
0,0.56,0.56,0,2.25,0,1.12,0,0,0,0,0.56,0.56,0,0,0.56,2.82,0,3.95,0,1.69,0,0,0,0,0,0,0,0,0,0,0,0,0,0,0,0,0,0,0,0,0,0,0,0,0,0,0,0,0.247,0,1.32,0.33,0,5.135,140,190,1
0.67,0,0.67,0,2.7,0,0,0,0,0,0,0,0,0,0,0,0.67,0.67,4.05,0,1.35,0,0,0,0,0,0,0,0,0,0,0,0,0,0,0,0,0,0,0,0,0,0,0,0,0,0,0,0,0,0,0.2,0,0,1.064,3,33,1
0,0,0.62,0,0.62,0,0,0,0,0.62,0,0,0,0,0,0.62,0,0,1.24,0,0.62,0,0,0,0,0,0,0,0,0,0,0,0,0,0,0,0,0,0,0,0,0,0,0,0,0,0,0,0,0.105,0,1.055,0,0,2.033,16,120,1
0,0,1.68,0,0.33,0,0,0,0,0.33,0,0,0,0,0,0.33,0,0,2.02,0,0.67,0,0,0,0,0,0,0,0,0,0,0,0,0,0,0,0,0,0,0,0,0,0,0,0.33,0,0,0,0,0.06,0,0.484,0,0,1.796,19,203,1
0,0,0,0,0,0,0,0,0,0,0,0,0,4.76,0,4.76,0,0,4.76,0,2.38,0,0,0,0,0,0,0,0,0,0,0,0,0,0,0,0,0,0,0,0,0,0,0,0,0,0,0,0,0,0,0,0,0,2.375,11,38,1
0,0,0,0,1.31,0,1.31,1.31,1.31,1.31,0,0,0,0,0,0,1.31,0,1.31,1.31,3.94,0,0,0,0,0,0,0,0,0,0,0,0,0,0,0,0,0,0,0,0,0,0,0,0,0,0,0,0,0,0,0.117,0.117,0,48.5,186,291,1
0,0,0,0,1.36,0.45,0.45,0,0,0,0,0,0.45,0,0,0.45,0.45,0.45,1.81,0,0.9,0,0,0,0,0,0,0,0,0,0,0,0,0,0,0,0,0,0,0,0,0,0,0,0,0,0,0,0,0.135,0,0.135,0,0,5.571,46,117,1
0.42,0,0,0,0.85,0.85,0,0,0,0.42,0,2.13,0,0,0,0,1.7,0,0.85,0,0.85,0,0,0.42,0,0,0,0,0,0,0,0,0,0,0,0.42,0,0,0,0,0,0,0,0,0,0,0,0,0,0,0,1.088,0,0,5.714,107,200,1
0,0,0,0,0.27,0,0,0,0,0.83,0,0,0,0,0,0,0,0,0.27,0,0.27,8.58,0,0,0,0,0,0,0,0,0,0,0,0,0,0,0,0,0,0,0,0,0,0,0,0,0,0,0,0,0.092,0,0.185,0.232,7.313,99,607,1
0,0,0,0,0.43,0,0,0,0,0.65,0,0,0,0,0,0.43,0,0.21,0.21,0,0.43,6.75,0,0,0.21,0.21,0,0,0,0,0,0,0,0,0,0,0,0,0,0,0,0,0,0,0,0,0,0,0,0,0.073,0.146,0.146,0.183,6.233,99,642,1
0.46,0,0.46,0,0,0,0,0.46,0,0,0,1.38,0,0,2.31,0,0.46,0.46,2.77,0,2.31,0,1.38,0,0,0,0,0,0,0,0,0,0,0,0,0,0,0,0,0.46,0,0,0,0,0,0,0,0,0,0.49,0,0.081,0.816,0,3.4,12,102,1
0.14,0.14,0.29,0,0.29,0.29,0,0.29,0,0,0.29,0,0.14,0,0,0.87,0.29,0.43,3.66,0,1.31,0,0,0,0,0,0,0,0,0,0,0,0,0,0,0,0.29,0,0,0,0,0,0,0,0.58,0,0,0,0,0.024,0,0.265,0,0,3.121,38,437,1
0,0.34,0.68,0,0,0,0.34,0,0,0.34,0,0,0,0,0.34,0.68,0,1.37,1.03,0,1.03,0,0,0,0,0,0,0,0,0,0,0,0,0,0,0,0,0,0,0,0,0,0,0,0,0,0,0,0,0.094,0,0,0,0,3.131,13,119,1
0.46,0,0.46,0,0,0,0,0.46,0,0,0,1.38,0,0,2.31,0,0.46,0.46,2.77,0,2.31,0,1.38,0,0,0,0,0,0,0,0,0,0,0,0,0,0,0,0,0.46,0,0,0,0,0,0,0,0,0,0.49,0,0.081,0.816,0,3.4,12,102,1
0.62,0,0.62,0,0,0,0.62,0,0,0,0,3.1,0,0,0,0,1.24,1.24,5.59,0,1.86,0,0,0.62,0,0,0,0,0,0,0,0,0,0,0,0,0,0,0,0,0,0,0,0,0,0,0,0,0,0.31,0,0.517,0,0,3.363,22,111,1
0,0,0,0,2.1,0,1.05,0,0,0,0,0,0,0,0,0,0,0,0,0,0,0,0,0,0,0,0,0,0,0,0,0,0,0,0,1.05,0,0,0,0,0,0,0,0,0,0,0,0,0,0,0,0,0,0,4.5,34,108,1
0,0.71,0.35,0,0.35,0,0,0,0,0,0,0.71,0,0,0,0.35,0,1.42,1.77,0,1.06,0,0,0,0,0,0,0,0,0,0,0,0,0,0,0,0,0,0,0,0,0,0,0,0,0,0,0,0,0.058,0,0.7,0,0,3.768,61,260,1
0,0.3,0.61,0,0.3,0,0.15,0,0,0.45,0.15,0,0.15,0,0.15,0.15,0,0.76,0.15,0.15,0.76,0,0,0,0,0,0,0,0,0,0,0,0,0,0,0,0,0,0,0.15,0,0,0,0,0,0,0,0,0,0,0,0.567,0.024,0.049,5.425,132,944,1
0,0,0,0,0,0,0.57,0,0,0.57,0,1.15,0.57,0,0,0,0,0.57,4.62,0,1.15,0,0,0.57,0,0,0,0,0,0,0,0,0,0,0,0,0,0,0,0,0,0,0,0,0,0,0,0,0,0,0,0.518,0,0,10.117,33,172,1
0.52,0,2.38,0,0.26,0,0.26,0,0.52,0,0.26,0,0,0,0,0.79,0,0,1.32,0,1.05,0,0,0.52,0,0,0,0,0,0,0,0,0.26,0,0,0.26,0.26,0,0.52,0,0,0,0,0,0,0,0,0,0,0.656,0,0.31,0,0,5.549,71,566,1
0.17,0,0.08,0,0.42,0.08,0.08,0.42,0.08,0.08,0,0.6,0.17,0.17,0,0,0.17,0.08,1.2,0,3.17,0,0.34,0.08,0,0,0,0,0,0,0,0,0,0,0,0,0,0,0,0,0,0,0,0,0,0,0,0,0,0.081,0.027,0.095,0.013,0,4.07,48,574,1
0,0,1,0,0.5,0,0,0,0,0.5,0,0,0,0,0,0.5,0,0,2.5,0,1.5,0,0,0,0,0,0,0,0,0,0,0,0,0,0,0,0,0,0,0,0,0,0,0,0.5,0,0,0,0,0.357,0,0.892,0,0,2,19,172,1
0,0,0.54,0,0.54,0,0,0,0,0.54,0,0,0,0,0,0.54,0,0,1.64,0,0.54,0,0,0,0,0,0,0,0,0,0,0,0,0,0,0,0,0,0,0,0,0,0,0,0.54,0,0,0,0,0.096,0,1.443,0,0,1.969,16,130,1
0,0,0,0,0,0.78,0,2.34,0,0.78,0.78,1.56,0,0,0,0,0.78,0,3.12,0,0.78,0,0.78,0,0,0,0,0,0,0,0,0,0,0,0,0,0,0,0,0,0,0,0,0,0,0,0,0,0,0,0,0.889,0,0,2.13,15,49,1
0,0,0,0,0,0,0,2.04,0,0,1.02,0,0,0,0,0,0,0,4.08,0,1.02,0,1.02,0,0,0,0,0,0,0,0,0,0,0,0,0,0,0,0,0,0,0,0,0,0,0,0,0,0,0,0,0.968,0,0,2.179,18,85,1
0,0,0,0,0,0,0,0,0,0,0,0,0,0,0,0,0,0,0,18.18,0,0,0,0,0,0,0,0,0,0,0,0,0,0,0,0,0,0,0,0,0,0,0,0,0,0,0,0,0,0,0,0,0,0,1.1,2,11,1
0.44,0,0,0,0.89,0,0,0,0,0.44,0,1.34,0,0,0,0.44,0,0,4.03,0,1.79,0,0,0.44,0,0,0,0,0,0,0,0,0,0,0,0,0,0,0,0,0,0,0,0,0.44,0,0,0,0,0,0,0.944,0.145,0.072,2.451,28,152,1
0,0.66,0.66,0,0.33,0,0,0,0,0,0,0.66,0,0,0,0.33,0,1.32,2.64,0,1.32,0,0,0,0,0,0,0,0,0,0,0,0,0,0,0,0,0,0,0,0,0,0,0,0.33,0,0,0,0,0.053,0,0.583,0,0,4.024,121,326,1
0,0,0,0,0,0,0,2.04,0,0,1.02,0,0,0,0,0,0,0,4.08,0,1.02,0,1.02,0,0,0,0,0,0,0,0,0,0,0,0,0,0,0,0,0,0,0,0,0,0,0,0,0,0,0,0,0.969,0,0,2.179,18,85,1
0.34,0.25,0.25,0,0.08,0.43,0.08,0.25,0.08,1.46,0.34,0.51,0.94,0,0.17,0.08,0,0,3.01,0,0.77,0.17,0.34,0.34,0,0,0,0,0,0,0,0,0,0,0,0,0,0,0,0,0,0,0,0,0.17,0,0,0,0,0.048,0,0.258,0.258,0.113,5.297,300,694,1
0.34,0.26,0.26,0,0.08,0.43,0.08,0.26,0.08,1.47,0.34,0.52,0.95,0,0.17,0.08,0,0,3.03,0,0.78,0,0.34,0.34,0,0,0,0,0,0,0,0,0,0,0,0,0,0,0,0,0,0,0,0,0.17,0,0,0,0,0.048,0,0.259,0.259,0.064,3.335,62,537,1
0.43,0,0,0,0.87,0.87,0,0,0,0.43,0,2.18,0,0,0,0,1.74,0,0.87,0,0.87,0,0,0.43,0,0,0,0,0,0,0,0,0,0,0,0.43,0,0,0,0,0,0,0,0,0,0,0,0,0,0,0,0.835,0,0,5.114,107,179,1
0.44,0,0,0,0.89,0,0,0,0,0.44,0,1.33,0,0,0,0.44,0,0,4.46,0,1.78,0,0,0.44,0,0,0,0,0,0,0,0,0,0,0,0,0,0,0,0,0,0,0,0,0.44,0,0,0,0,0,0,1.083,0.144,0.072,2.428,28,153,1
0,0,0,0,0,0,0,0,0,0.36,0,0,0,0,0,0,0,0,2.53,0,0,0,0,0,0,0,0,0,0,0,0,0,0,0,0,0,0,0,0,0,0,0,0,0,0.36,0,0,0,0,0.059,0,0.118,0,0,1.307,7,68,1
0,0,0,0,0,0,0,0,0,0,0,0,0,0,0,0,0,0,0,0,0,0,0,0,0,0,0,0,0,0,0,0,0,0,0,0,0,0,0,0,0,0,0,0,0,0,0,0,0,0,0,1.754,0,0,1,1,7,1
0,0.41,0.53,0,0.11,0.05,0,0.05,0.11,0,0,0.17,0.05,0,0,0.05,0,0.53,1.19,0.35,0.53,0,0.23,0.23,0,0,0,0,0,0,0,0,0,0,0,0,0,0,0,0,0,0,0,0,0,0,0,0,0,0.064,0.01,0.032,0.14,0,1.364,14,303,1
0,0,0,0,6.25,0,3.12,0,0,0,0,3.12,0,3.12,0,3.12,0,0,6.25,0,0,0,0,0,0,0,0,0,0,0,0,0,0,0,0,0,0,0,0,0,0,0,0,0,0,0,0,0,0,0,0,0,0,0,9.428,60,66,1
2.12,0,0,0,0.53,0.53,0,0,0,1.59,0,1.59,0,0,0,1.59,0.53,0.53,6.91,0,1.59,0,0.53,0.53,0,0,0,0,0,0,0,0,0,0,0,0,0,0,0,0,0,0,0,0,0,0,0,0,0,0.467,0,0.28,0.186,0,2.823,85,240,1
0,0,0,0,1.4,0.46,0.93,0,0,0,0,0,0.46,0,0,0.46,0.46,0,1.87,0,1.4,0,0,0,0,0,0,0,0,0,0,0,0,0,0,0,0,0,0,0,0,0,0,0,0,0,0,0,0,0.135,0,0.135,0,0,4,46,96,1
0,1.12,0.56,0,0.56,0.56,1.12,1.12,0,0,0.56,2.25,0,0,0,2.25,0,1.12,2.25,0,2.82,0,0.56,0,0,0,0,0,0,0,0,0,0,0,0,0,0,0,0,0,0,0,0,0,0,0,0,0,0,0,0,0,0,0,1.416,5,51,1
0,0,1.32,0,0.66,0,0,0,0,0,0,0.66,0,0,0,0,0.66,0,5.29,2.64,5.29,0,0,1.32,0,0,0,0,0,0,0,0,0,0,0,0,0,0,0,0.66,0,0,0,0,0,0,0,0,0,0,0,0.83,0.069,0,3.215,43,164,1
0,0.8,0,0,0.8,0,0,0,0,0.8,0,0.8,0,0,0,1.61,0,0.8,0.8,0,2.41,0,0,0,0,0,0,0,0,0,0,0,0,0,0,0,0,0,0,0,0,0,0,0.8,0,0,0,0,0,0,0,1.192,0,0,1.463,12,101,1
0,0.29,0.87,0,0.29,0,0.14,0,0,0.43,0.14,0,0.14,0,0.14,0.14,0,0.72,0.43,0.14,0.58,0,0,0,0,0,0,0,0,0,0,0,0,0,0,0,0,0,0,0.14,0,0,0,0,0,0,0,0,0,0,0,0.585,0.046,0.046,5.02,132,979,1
0.17,0,0.08,0,0.42,0.08,0.08,0.42,0.08,0.08,0,0.6,0.17,0.17,0,0,0.17,0.08,1.2,0,3.17,0,0.34,0.08,0,0,0,0,0,0,0,0,0,0,0,0,0,0,0,0,0,0,0,0,0,0,0,0,0,0.081,0.027,0.095,0.013,0,4.07,48,574,1
0,0,0,0,0,0,0,0,0,0.81,0,0.81,0,0,0,0,0,0,1.63,0,0.81,0,0,0,0,0,0,0,0,0,0,0,0,0,0,0,0,0,0,0,0,0,0,0,0,0,0,0,0.147,0,0,0.294,0.147,0,2.333,11,63,1
0.54,0,1.08,0,0.54,0,1.08,0,0,0,0,0.54,0,0,0,0.54,0.54,0,4.32,0,1.08,0,1.62,0,0,0,0,0,0,0,0,0,0,0,0,0,0,0,0,0,0,0,0,0,0.54,0,0,0,0,0,0,1.18,0.252,0,5.323,68,181,1
0.17,0,0.08,0,0.42,0.08,0.08,0.42,0.08,0.08,0,0.6,0.17,0.17,0,0,0.17,0.08,1.2,0,3.17,0,0.34,0.08,0,0,0,0,0,0,0,0,0,0,0,0,0,0,0,0,0,0,0,0,0,0,0,0,0,0.081,0.027,0.108,0.013,0,4.07,48,574,1
0.53,0,1.07,0,0.53,0,1.07,0,0,0,0,0.53,0,0,0,0.53,0.53,0,4.3,0,1.07,0,1.61,0,0,0,0,0,0,0,0,0,0,0,0,0,0,0,0,0,0,0,0,0,0.53,0,0,0,0,0,0,1.183,0.253,0,5.454,68,180,1
0.51,0.51,0,0,0,0,0.51,0,0,0.51,0,0,0,0,0.51,2.07,0,2.07,1.03,0,1.03,0,0,0,0,0,0,0,0,0,0,0,0,0,0,0,0,0,0,0,0,0,0,0,0,0,0,0,0,0.135,0,0.067,0,0,2.676,17,91,1
0,0.54,0.54,0,2.19,0,1.09,0,0,0,0,0.54,0.54,0,0,0.54,3.29,0,3.84,0,1.64,0,0,0,0,0,0,0,0,0,0,0,0,0,0,0,0,0,0,0,0,0,0,0,0,0,0,0,0,0.241,0,1.045,0.321,0,5.047,140,212,1
0,0,0.38,0,1.15,0,0,0,0,0.77,0,0.38,0,0,0,0.38,0.77,0,2.7,0,1.15,0,0.38,0,0,0,0,0,0,0,0,0,0,0,0,0,0,0,0,0,0,0,0,0,1.15,0,0,0,0,0.061,0,0.985,0.184,0,3.923,78,255,1
0,0,0.39,0,1.17,0,0,0,0,0.78,0,0.39,0,0,0,0.39,0.78,0,2.73,0,1.17,0,0.39,0,0,0,0,0,0,0,0,0,0,0,0,0,0,0,0,0,0,0,0,0,1.17,0,0,0,0,0.062,0,0.869,0.186,0,4,78,256,1
0.43,0,0.43,0,0.43,0,0.86,0,0,0,0,0.43,0,0,0,0,0.86,0.43,1.29,0,4.76,0,0,1.29,0,0,0,0,0,0,0,0,0,0,0,0,0,0,0,0,0,0,0,0,0,0,0,0,0.14,0,0,0.915,0,0,3.891,47,144,1
0.45,0,0,0,0.68,0.45,0,0.45,0,0.22,0.22,0,1.6,0,0.45,0,0.91,1.83,1.83,0,0.68,0,1.6,0,0,0,0,0,0,0,0,0,0,0,0,0,0,0,0,0.91,0,0,0,0,0,0,0,0,0,0.037,0,0.187,0.112,0,3.184,30,363,1
0,0,1.12,0,0.56,0,0,0,0,0.56,0,0,0,0,0,0.56,0,0,2.25,0,1.12,0,0,0,0,0,0,0,0,0,0,0,0,0,0,0,0,0,0,0,0,0,0,0,0.56,0,0,0,0,0.102,0,0.615,0,0,2.403,19,137,1
0,0,0.55,0,0.55,0,0,0,0,0.55,0,0,0,0,0,0.55,0,0,1.67,0,0.55,0,0,0,0,0,0,0,0,0,0,0,0,0,0,0,0,0,0,0,0,0,0,0,0.55,0,0,0,0,0.099,0,0.893,0,0,2.122,16,121,1
0,0,1.31,0,0.65,0,0,0,0,0,0,0.65,0,0,0,0,0,0,5.26,1.97,4.6,0,0,1.31,0,0,0,0,0,0,0,0,0,0,0,0,0,0,0,0.65,0,0,0,0,0,0,0,0,0,0,0,0.816,0.068,0,3.173,43,165,1
0,0,0.61,0,0,0,0.61,0,0,0,0,0,0,0,0,0,1.23,1.85,2.46,0,1.23,0,0,0,0,0,0,0,0,0,0,0,0,0,0,0,0,0,0,0,0,0,0,0,0,0,0,0,0,0.176,0,0.353,0,0,2.25,13,81,1
0.22,0.22,0.22,0,1.77,0.22,0.44,0.44,0.22,2.88,0,0.88,0.22,0,1.11,0.44,0,0.44,3.33,0,3.33,0,0.44,0.44,0,0,0,0,0,0,0,0,0,0,0,0,0,0,0,0.44,0,0,0,0,0,0,0,0,0,0,0,0.563,0.15,0,86.65,1038,1733,1
0.34,0.42,0.25,0,0.08,0.42,0.08,0.25,0.08,1.63,0.34,0.51,0.94,0,0.17,0.08,0,0,3,0,0.94,0,0.34,0.34,0,0,0,0,0,0,0,0,0,0,0,0,0,0,0,0,0,0,0,0,0.17,0,0,0,0,0.063,0,0.287,0.223,0.079,3.314,62,537,1
0,0,0,0,0,0,1.04,0,0,0,0,0,0,0,0,2.08,0,0,2.08,0,2.08,0,0,0,0,0,0,0,0,0,0,0,0,0,0,0,0,0,0,0,0,0,0,0,0,0,0,0,0,0,0,0,0,0,3.812,11,61,1
0,0,0,0,0,0,1.33,0,0,0,0,0,0,0,0,0,0,0,1.33,0,5.33,0,0,0,0,0,0,0,0,0,0,0,0,0,0,0,0,0,0,0,0,0,0,0,0,0,0,0,0,0,0,0.202,1.417,0,29.125,223,233,1
0.54,0,1.08,0,0.54,0,1.08,0,0,0,0,0.54,0,0,0,0.54,0.54,0,4.32,0,1.08,0,1.62,0,0,0,0,0,0,0,0,0,0,0,0,0,0,0,0,0,0,0,0,0,0.54,0,0,0,0,0,0,1.182,0.253,0,5.454,68,180,1
0,0,0,0,2.5,0,0,0,0,0,0,0.62,0,0,0,0,1.25,0,3.12,0,0.62,0,0,0,0,0,0,0,0,0,0,0,0,0,0,0,0,0,0,0,0,0,0,0,0,0,0,0,0,0,0,0.08,0,0,2.111,18,57,1
0,0.9,0,0,0,0,0,0,0,0,0,0,0,0,0,0.9,0,1.81,3.63,0,2.72,0,0,0,0,0,0,0,0,0,0,0,0,0,0,0,0,0,0,0,0,0,0,0,0.9,0,0,0,0,0,0,0.165,0.165,0,6.266,41,94,1
0.07,0.02,0.15,0,0.25,0.2,0,0.02,0.15,0,0,0.25,0.25,0.07,0,0.05,0.22,0,0.05,0,0.02,0,0.37,0.02,0,0,0,0,0.02,0,0,0,0,0,0,0.05,0.3,0.02,0,0.02,0,0,0.02,0,0.02,0,0,0,0.011,0.022,0,0,0.022,0,1.423,20,965,1
0.07,0.02,0.15,0,0.25,0.2,0,0.02,0.15,0,0,0.25,0.25,0.07,0,0.05,0.22,0,0.05,0,0.02,0,0.37,0.02,0,0,0,0,0.02,0,0,0,0,0,0,0.05,0.3,0.02,0,0.02,0,0,0.02,0,0.02,0,0,0,0.011,0.022,0,0,0.022,0,1.423,20,965,1
0.17,0.26,1.07,0,0.35,0.62,0.53,0.17,0.62,0.8,0.26,1.25,0.17,0,0.62,0.62,0.08,1.43,2.5,0.17,1.16,0,0.89,0.08,0,0,0,0,0,0,0,0,0,0,0,0,0,0,0,0.08,0,0,0,0,0.08,0,0,0,0,0.066,0,0.212,0.185,0.013,6.815,583,1329,1
0,0,0.48,0,0.96,0,0,0,0.48,0,0,0,0,0,0,0.96,0.96,0,1.44,0,0.48,0,0.96,0,0,0,0,0,0,0,0,0,0,0,0,0,0,0,0,0,0,0,0,0,0.48,0,0,0,0,0.133,0.066,0.468,0.267,0,3.315,61,242,1
0.46,0,0.46,0,0,0,0,0.46,0,0,0,1.38,0,0,2.31,0,0.46,0.46,2.77,0,2.31,0,1.38,0,0,0,0,0,0,0,0,0,0,0,0,0,0,0,0,0.46,0,0,0,0,0,0,0,0,0,0.49,0,0.081,0.816,0,3.4,12,102,1
1.03,0,0.68,0,1.03,0,0.68,0,0,0.68,0,0.68,0,0,0.34,0.68,0,0,5.86,0,1.37,0,0.34,0.34,0,0,0,0,0,0,0,0,0,0,0,0,0,0,0,0,0,0,0,0,0.34,0,0,0,0,0,0,0.366,0.061,0,1.895,12,91,1
0,0,0.18,0,0.18,0,0,0,0.54,0.36,0.36,0.9,0,0.36,0,0.72,0,0.18,2.7,0.18,0.72,0,0,0.54,0,0,0,0,0,0,0,0,0,0,0,0,0,0.36,0,0,0,0,0.18,0,0,0,0,0,0,0,0,0.633,0.063,0,9.043,363,841,1
0.26,0.26,0.52,0,0.39,0,0.39,0.13,0,0.26,0,0.78,0.26,0,0,1.57,0,0.26,2.61,0,1.57,0,0.13,0.39,0,0,0,0,0,0,0,0,0,0,0,0,0.13,0,0,0,0,0,0,0,0,0,0,0,0,0.129,0,0.779,0.021,0.021,2.689,49,476,1
0,0,0.32,0,0.65,0.65,0.32,0.32,0,0,0,0.32,0.32,0,0,0.32,0.32,0,2.28,0,3.25,0,0,0.32,0,0,0,0,0,0,0,0,0,0,0,0,0,0,0,0,0,0,0,0,0.32,0,0,0,0,0.104,0,0,0.157,0.052,1.537,10,143,1
0,0,0.32,0,0.64,0.64,0.32,0.32,0,0,0,0.32,0.32,0,0,0.32,0.32,0,2.27,0,3.24,0,0,0.32,0,0,0,0,0,0,0,0,0,0,0,0,0,0,0,0,0,0,0,0,0.32,0,0,0,0,0.106,0,0,0.159,0.053,1.537,10,143,1
0.19,0.19,0.39,0,0.19,0,0,0.59,0,0,0,0.39,0,0,0,0.59,0.39,1.37,4.52,0,3.14,0,0,0.19,0,0,0,0,0,0,0,0,0,0,0,0,0.19,0,0,0,0,0,0,0,0,0,0,0,0,0,0,0.258,0.032,0,3.112,43,305,1
0.46,0,0,0,0.69,0.46,0,0.46,0,0.23,0.23,0,1.61,0,0.46,0,0.92,1.84,1.84,0,0.69,0,1.61,0,0,0,0,0,0,0,0,0,0,0,0,0,0,0,0,0.92,0,0,0,0,0,0,0,0,0,0.037,0,0.188,0.112,0,3.105,30,354,1
0,0,0.71,0,0.71,0,0,0,0,0,0,0,0,0,0,0.71,0,0,1.42,0,0.71,0,0,0,0,0,0,0,0,0,0,0,0,0,0,0,0,0,0,0,0,0,0,0,0.71,0,0,0,0,0.121,0,1.094,0,0,2.021,16,95,1
0,1.49,0,0,0,0,2.98,0,0,1.49,0,0,0,0,0,1.49,2.98,0,0,0,2.98,0,0,0,0,0,0,0,0,0,0,0,0,0,0,0,0,0,0,0,0,0,0,0,0,0,0,0,0,0.171,0,0,0.171,0.171,13,140,156,1
0,0,0.16,0,0.33,0,0.16,0,0.5,0,0.16,0,0,0,0,0.5,0,1.5,0.66,0,0,0,0,0,0.33,0,0,0,0,0,0,0,0,0,0,0,0,0,0,0,0,0,0,0,0,0,0,0,0,0.088,0,0.884,0.752,0.022,5.328,47,1087,1
0,0,1.1,0,0.55,0,0,0,0,0.55,0,0,0,0,0,0.55,0,0,2.2,0,1.1,0,0,0,0,0,0,0,0,0,0,0,0,0,0,0,0,0,0,0,0,0,0,0,0.55,0,0,0,0,0.097,0,0.683,0,0,2.338,19,145,1
0.16,0.32,0.65,0,0.32,0,0.16,0,0,0.49,0.16,0,0.16,0,0.16,0.16,0,0.81,0.32,0.16,0.98,0,0,0,0,0,0,0,0,0,0,0,0,0,0,0,0,0,0,0.16,0,0,0,0,0,0,0,0,0,0,0,0.773,0.08,0.08,6.586,132,955,1
0,0,0.72,0,1.81,0,0,0,0,0.36,0,0.36,0,0,0,0,0.72,0,0.72,0,0.36,0,0,0,0,0,0,0,0,0,0,0,0.36,0,0,0,0,0,0,0,0,0,0,0,0,0,0,0,0.053,0.265,0,0,0,0,1.543,13,88,1
0.84,0.84,0,0,0,0,1.69,0,0.84,0.84,0,0.84,0,0,0,10.16,0.84,0,0.84,0,2.54,0,0,0.84,0,0,0,0,0,0,0,0,0,0,0,0,0,0,0,0,0,0,0,0,0,0,0,0,0,0,0,1.113,0.278,0.092,173,418,519,1
0,0,0,0,0,0,0,0,0,0,0,0,0,0,0,0,0,0,1.29,0,0.64,0,0,0,0,0,0,0,0,0,0,0,0,0,0,0,0,0,0,0,0,0,0,0,0,0,0,0,0,0,0,0,0,0,1.103,3,32,1
0,0,0,0,0,0,0,0,0,0,0,0,0,0,0,0,0,0,1.29,0,0.64,0,0,0,0,0,0,0,0,0,0,0,0,0,0,0,0,0,0,0,0,0,0,0,0,0,0,0,0,0,0,0,0,0,1.103,3,32,1
0.17,0,0.08,0,0.43,0.08,0.08,0.43,0.08,0.08,0,0.6,0.17,0.17,0,0,0.17,0.08,1.2,0,3.14,0,0.34,0.08,0,0,0,0,0,0,0,0,0,0,0,0,0,0,0,0,0,0,0,0,0,0,0,0,0,0.081,0.027,0.088,0.013,0,4.16,48,1140,1
0,0.54,0.54,0,1.09,0.54,2.18,0,0,0.54,0,0.54,0,0,0,0,0,0.54,3.27,0,1.09,0,0,0,0,0,0,0,0,0,0,0,0,0,0,0,0,0,0,0,0,0,0,0,0.54,0,0,0,0,0.157,0,0.471,0,0.078,15.08,147,377,1
0,0,0.42,0,0,0,0,0,0,0,0,0.85,0,0,0,0.85,0,0.85,4.7,0,0.85,5.55,0,0,0,0,0,0,0,0,0,0,0,0,0,0,0.42,0,0,0,0,0,0,0,0,0,0,0,0,0.082,0,0,0.082,0.248,7.17,42,294,1
0,0,0,0,0,0,0,0,0,0,0,0,0,0,0,1.05,0,0,0,0,2.1,0,0,0,0,0,0,0,0,0,0,0,0,0,0,0,0,0,0,0,0,0,0,1.05,0,0,0,0,0,0,0,1.806,0,0,1.293,5,75,1
0,0,0.45,0,0.22,0.22,0,0,0.67,0.45,0.22,0.9,0,0,0,0.22,0,0,1.35,0,1.12,0.22,0.22,0.22,0,0,0,0,0,0,0,0,0,0,0,0.45,0,0,0,0,0,0,0,0,0,0,0,0,0.064,0.258,0,0.129,0.193,0,7.258,71,617,1
0,0.55,0.55,0,1.11,0.55,2.23,0,0,0.55,0,0.55,0,0,0,0,0,0.55,3.35,0,1.11,0,0,0,0,0,0,0,0,0,0,0,0,0,0,0,0,0,0,0,0,0,0,0,0.55,0,0,0,0,0.159,0,0.479,0,0.079,16.739,147,385,1
0,0,0,0,0,1.12,0,2.24,0,0,1.12,1.12,0,0,0,0,0,0,4.49,0,0,0,1.12,0,0,0,0,0,0,0,0,0,0,0,0,0,0,0,0,0,0,0,0,0,0,0,0,0,0,0,0,0.814,0,0,2.6,15,39,1
0,0,0.32,0,0.65,0.65,0.32,0.32,0,0,0,0.32,0.32,0,0,0.32,0.32,0,2.28,0,3.26,0,0,0.32,0,0,0,0,0,0,0,0,0,0,0,0,0,0,0,0,0,0,0,0,0.32,0,0,0,0,0.105,0,0,0.158,0,1.494,10,139,1
0,0,1.43,0,0.71,0,0,0.71,0,0.71,0,0,0,0,0,0,2.87,2.87,1.43,0,3.59,0,0,0,0,0,0,0,0,0,0,0,0,0,0,0,0,0,0,0,0,0,0,0,0,0,0,0,0,0,0,0.937,0,0,11.888,116,214,1
0,0.55,0.55,0,1.11,0.55,2.23,0,0,0.55,0,0.55,0,0,0,0,0,0.55,3.35,0,1.11,0,0,0,0,0,0,0,0,0,0,0,0,0,0,0,0,0,0,0,0,0,0,0,0.55,0,0,0,0,0.159,0,0.479,0,0.079,16.739,147,385,1
0,0,0,0,0,0,1.07,0,0,0,0,0,0,0,0,2.15,0,0,0,0,2.15,0,0,0,0,0,0,0,0,0,0,0,0,0,0,0,0,0,0,1.07,0,0,0,0,0,0,0,0,0,0,0,0.145,0.437,0.291,1.823,10,62,1
0,0,0.47,0,0.95,0,0,0,0.47,0,0,0,0,0,0,0.95,0.95,0,1.42,0,0.47,0,0.95,0,0,0,0,0,0,0,0,0,0,0,0,0,0,0,0,0,0,0,0,0,0.47,0,0,0,0,0.131,0.065,0.461,0.263,0,3.493,61,255,1
0,0,0,0,0,0,0,0,0,0,0,0,0,0,0,0,0,0,0,0,0,0,0,0,0,0,0,0,0,0,0,0,0,0,0,0,0,0,0,0,0,0,0,0,0,0,0,0,0,0,0,0,0,0,1,1,3,0
0,0,0,0,0,0,0,0,0,0,0,0,0,0,0,0,0,0,0,0,0,0,0,0,0,0,0,0,0,0,0,0,0,0,0,0,0,0,0,0,0,0,0,0,0,0,0,0,0,0,0,0,0,0,1,1,4,0
0,0,0,0,0,0,0,0,0,0,0,0,0,0,0,0,0,0,0,0,0,0,0,0,0,0,0,0,0,0,0,0,0,0,0,0,0,0,0,0,0,0,0,0,0,0,0,0,0,0,0,0,0,0,1,1,3,0
0,0,0,0,0,0,0,0,0,0,0,0,0,0,0,0,0,0,0,0,0,0,0,0,0,0,0,0,0,0,0,0,0,0,0,0,0,0,0,0,0,0,0,0,0,0,0,0,0,0,0,0,0,0,1,1,3,0
0,0,0,0,0,0,0,0,0,0,0,0,0,0,0,0,0,0,0,0,0,0,0,0,0,0,0,0,0,0,0,0,0,0,0,0,0,0,0,0,0,0,0,0,0,0,0,0,0,0,0,0,0,0,1,1,4,0
0,0,0,0,0,0,0,0,0,0,0,0,0,0,0,0,0,0,0,0,0,0,0,0,0,0,0,0,0,0,0,0,0,0,0,0,0,0,0,0,0,0,0,0,0,0,0,0,0,0,0,0,0,0,1,1,3,0
0,0,0,0,0,0,0,0,0,0,0,0,0,0,0,0,0,0,0,0,0,0,0,0,0,0,0,0,0,0,0,0,0,0,0,0,0,0,0,0,0,0,0,0,0,0,0,0,0,0,0,0,0,0,1,1,3,0
0,0,0,0,0,0,0,0,0,0,0,0,0,0,0,0,0,0,0,0,0,0,0,0,0,0,0,0,0,0,0,0,0,0,0,0,0,0,0,0,0,0,0,0,0,0,0,0,0,0,0,0,0,0,1,1,3,0
0,0,0,0,0,0,0,0,0,0,0,0,0,0,0,0,0,0,0,0,0,0,0,0,0,0,0,0,0,0,0,0,0,0,0,0,0,0,0,0,0,0,0,0,0,0,0,0,0,0,0,0,0,0,2,4,6,0
0,0,0,0,0,0,0,0,0,0,0,5.26,0,0,0,0,0,0,0,0,0,0,0,0,2.63,2.63,0,0,5.26,0,0,0,0,0,0,0,0,0,0,0,0,7.89,0,0,0,0,0,0,0,0,0,0,0,0,1.4,3,14,0
0,0.15,0,0,0.15,0,0,0,0.15,0.15,0.3,0.46,0,0,0,0,0,0.15,0.3,0,1.07,0,0,0,0,0,0,0,0,0.15,0,0,0.61,0,0,0.15,1.22,0,0,0,0,0,0,0,0,0.61,0,0.15,0.019,0.137,0,0,0,0,2.276,20,485,0
0.36,0.36,0,0,1.8,0,0,0,0,0,0,1.44,0,0,0,0,0.72,0,0.36,0,1.08,0,0,0,1.8,0,0,0,0.72,0.36,0,0,0,0,0,0,0.36,0,0,0,0,0,0,0,0,0,0,0,0,0,0,0,0,0,1.636,12,54,0
0,0,0,0,0,0,0,0,0,0,0,0,0,0,0,0,0,0,0,0,0,0,0,0,12.88,0,0,0,0,0.28,0,0,0.28,0,0,0,0.14,0,0.28,0,0,0,0,0,0,0,0,0,0,0,0,0.037,0,0,12.43,30,2051,0
0,0,0,0,2.02,0,0,0,0,0,0,0,1.01,0,0,0,0,0,1.01,0,0,0,0,0,0,0,0,0,0,0,0,0,0,0,0,0,0,0,0,0,0,0,0,2.02,0,0,0,0,0.166,0.166,0.166,0,0,0,1.428,6,40,0
0,0,0,0,0.3,0,0,0,0,0,0,0.76,0,0,0,0,0,0,0.15,0,0,0,0,0,0.3,0.15,0,0,0.6,0,0,0,0,0,0,1.21,0.15,0,0,0,0,0,0,0,0,0.15,0,0,0,0.022,0,0,0,0,1.59,37,272,0
0,0,0,0,0,0,0,0,0,1.08,0,1.08,0,0,0,0,0,0,2.17,0,2.17,0,0,0,0,2.17,0,0,0,0,0,0,0,0,0,0,0,0,0,0,0,0,0,1.08,0,0,0,0,0,0.173,0,0,0,0,2.1,18,42,0
0,0,0.61,0,0,0,0,0,0,0,0,1.84,0,0,0,0,0,0,0,0,0,0,0,0,0,0.61,0,0,0,0,0,0,0,0,0,0,0,0,0,0,0,0,0,0,0,0,0.61,0,0.079,0.158,0,0,0,0,2.508,17,143,0
0,0,0,0,0,0,0,0,0,0,0,0.64,0,0,0,0,0,1.29,0,0,0,0,0,0,4.51,3.22,3.22,1.29,0,1.29,1.29,0,0,0,1.29,1.29,0,0,0,0,0,0,0,0,0.64,0,0,0,0,0.324,0.194,0.129,0,0.194,2.142,10,150,0
0,0,0,0,0.53,0,0,0,0,0,0,0.53,0.53,0,0,0,0,0,0.53,0,1.06,0,0,0,0,0,1.06,0,0,0,0,0,0,0,0,0,0,0,0,0,0,0,0,0,0.53,0,0,0,0,0.188,0,0,0,0,1.142,3,40,0
0,0,0,0,0,0,0,0,0,0,0,0,0,0,0,0,0,0,0,0,0,0,0,0,0,0,0,0,0,0,0,0,0,0,0,0,0,0,0,0,0,0,0,0,0,0,0,0,0,0.869,0,1.739,0,0,1,1,6,0
0,0,0,0,0,0,0,0,0,0,0,0.14,0,0,0,0,0,0,0,0,0.14,0,0,0,5.16,0,0,0,0.14,0.44,0,0,0.14,0,0,0,1.47,0,0.59,0,0,0,0,0,0.29,0,0,0,0.186,0.538,0.124,0,0,0,4.454,55,931,0
0,0,0,0,0,0,0,0,0,0,0,0,0,0,0,0,0,0,0,0,0,0,0,0,1.92,0,0,0,0,0,0,0,3.84,0,0,0,1.92,0,3.84,0,0,0,0,0,0,0,0,0,0,0,0,0.178,0,0,1.666,7,50,0
0,0,0,0,0,0,0,0,0,0,0,3.33,0,0,0,0,0,0,0,0,0,0,0,0,0,0,0,0,0,0,0,0,0,0,0,0,0,0,0,0,0,0,0,0,0,0,0,3.33,0,0,0,0.636,0,0,2,10,18,0
0,0,0,0,0,0,0,0,0,0,0,2.85,0,0,0,0,0,0,0,0,0,0,0,0,0,0,0,0,0,0,0,0,0,0,0,0,0,0,0,0,0,2.85,0,0,0,0,0,0,0,0,0,0.444,0,0,2.333,12,28,0
0,0,0,0,0,0,0,0,0,0,0,1.35,0,0,0,0,0,0,1.35,0,0,0,0,0,0,0,1.35,0,0,0,0,0,0,0,0,0,0,0,0,0,0,0,0,0,0,0,0,1.35,0,0,0,0,0,0,1.533,6,23,0
0.11,0,0.23,0,0.23,0.11,0,0,1.15,0,0,0.34,0,0,0,0.11,0,0,0.46,0,0.23,0,0,0,0.57,0.69,0.11,0,0,0,0,0,0.34,0,0,0.34,0.23,0,0,0,0,0,0,0,0,0,0,0,0.048,0.194,0.032,0,0.032,0,3.275,33,511,0
0.17,0,0.17,0,0,0,0,0,0.8,0,0,0.26,0,0,0.08,0,0,0,0.35,0,0.17,0,0,0,0.62,0.71,0.08,0,0,0,0,0,0.26,0,0,0.08,0.44,0,0,0,0,0,0,0,0,0,0,0,0.253,0.168,0.084,0,0.024,0,4.665,81,1031,0
0.07,0,0.29,0,0.07,0.07,0,0,0.74,0,0,0.22,0,0.07,0,0,0,0.07,0.29,0,0.22,0,0,0,0.67,0.74,0.07,0,0,0,0,0,1.63,0,0,0,0.59,0,0,0,0,0,0.07,0,0,0,0,0,0.163,0.228,0.032,0,0.021,0,3.03,45,706,0
0,0,0,0,0,0,0,0,0,0,0,0,0,0,0,0,0,2,0,0,0,0,0,0,4,2,2,4,0,2,0,0,0,0,2,0,0,0,0,0,0,0,0,0,2,0,0,0,0,0,0,0,0,0,2.095,11,44,0
0,0,0,0,0,0,0,0,0.75,0,0,0,0,0,0,0,0,0,1.51,0,0,0,0,0,0,0,0,0,0,0,0,0,0,0,0,0,0,0,0,0,0,0,0,0,0.75,0,0,0,0,0.255,0,0,0,0,1.842,6,35,0
0.83,0,0.41,0,0,0,0,0,0,0,0.41,0.83,0,0,0,0,0,0,2.91,0,1.66,0,0,0,0.41,0.41,0,0,0,0,0,0,0,0,0,0,0.41,0,0,0,0,0,0.41,0,0,0,0,0,0,0,0,0.283,0,0,2.022,13,91,0
0,0,0.06,0,0,0,0,0.06,0.13,0.13,0.13,1.67,0.26,0.33,0,0.13,0.13,0,0,0.06,0.06,0,0,0,2.54,0.13,0,0,0.2,0.26,0.13,0,0,0,0.06,0.2,0.13,0.06,0,0.06,0,0,0,0,0,0,0,0,0.028,0.131,0,0,0,0,1.997,20,787,0
0,0,0,0,0,0,0,0,0,0,0,0,0,0,0,0,0,0,2.32,0,0,0,0,0,0,0,2.32,0,0,0,0,0,4.65,0,0,0,0,0,0,0,0,0,0,0,2.32,0,0,0,0,0,0,0,0,0,1,1,11,0
0,0,0.38,0,0.38,0.38,0,0,0.38,0,0,1.55,0,0,0,0,0,0,1.16,0,0.38,0,0,0,0.77,0.77,0.38,0,0,0,0,0,1.93,0,0,0,0,0,0.38,0,0,0,0,0,1.16,0,0,0,0,0.061,0,0,0,0,2.953,34,127,0
0,0,0,0,0,0.47,0,0,0,0.23,0,0,0,0,0,0,0,0,2.6,0,0,0,0,0,5.45,0,0.23,0,0,0,0,0,0,0,0,0,0.71,0,0,0,0,0,0.94,0,1.18,0,0,0,0.119,0.158,0.119,0,0,0,2.565,19,295,0
0,0,0,0,0,0,0,0,0,0,0,0.88,0,0,0,0,0,0.22,0,0,0,0,0,0,0.22,0.22,0,0.44,0,0,0,0,0,0,0.22,0,0,0,0,0,0,0,0,0.22,0,0,0,0.22,0,0.172,0,0,0,0,1.729,15,128,0
0,0,0,0,0,0.57,0,0,0,0.28,0,0,0,0,0,0,0,0,2.86,0,0,0,0,0,4.58,0,0.28,0,0,0,0,0,0,0,0,0,0.57,0,0,0,0,0,0.85,0,0.85,0,0,0,0.144,0.192,0.096,0,0,0,2.306,19,203,0
0.41,0,0.83,0,0,0.41,0,0,0,0,0,0.83,0,0,0,0,0,0,1.67,0,0.41,0,0,0,0,0,0.83,0,0,0.41,0,0,0,0,0,0,0,0,0,0,0,0,0.41,0,0,0,0,0,0,0,0,0,0,0,1.12,3,56,0
0,0,0.15,0,0.13,0.03,0,0.08,0,0.06,0.03,0.64,0.08,0.01,0,0.05,0.22,0.01,0.15,0.03,0.33,0,0,0,0,0,0.01,0,0.03,0.01,0,0,1.33,0,0,0.1,0.76,0,0.01,0.05,0.06,0.03,0,0.05,0,0.1,0,0.37,0.024,0.254,0.002,0.002,0.007,0,2.128,36,3467,0
0,0,0,0,0,0,0,0,0,0,0,0,0,0,0,0,0,0,0,0,0,0,0,0,0,0,0,0,0,0,0,0,0,0,0,0,0,0,0,0,0,0,0,0,0,0,0,0,0,0,0,0,0,0,1,1,4,0
0,0,0,0,0,0,0,0,0,0,0,0,0,0,0,0,0,0,3.57,0,0,0,0,0,0,0,0,0,0,0,0,0,0,0,0,0,0,0,0,0,0,0,0,0,3.57,0,0,0,0.675,0,0,0,0,0,1,1,3,0
0,0.33,0,0,0.33,0,0,0,0,0,0,0.33,0,0,0,0,0,0.33,0,0,0,0,0,0,0.33,0.33,0,0.67,0,0,0,0,0,0,0.33,0,0,0,0,0,0,0,0,0.33,0,0,0,0.33,0,0.132,0,0,0,0,1.857,15,117,0
0,0,0,0,0,0,0,0,0,0,0,0,0,0,0,0,0,0,5.55,0,0,0,0,0,0,0,2.77,0,0,0,0,0,0,0,0,0,0,0,0,0,0,0,0,0,0,0,0,0,0,0,0,0,0,0,1,1,7,0
0,0,0,0,0,0,0,0,0,0,0,1.63,0,0,0,0,0,0,1.63,0,0,0,0,0,0,0,1.63,0,0,0,0,0,0,0,0,0,0,0,0,0,0,0,0,0,1.63,0,0,0,0,0,0,0,0,0,2.333,8,28,0
0,0,0.52,0,0,0,0,0,0,0,0,1.56,0,0,0,0.52,0,0,0.52,0,0,0,0,0,0,0,0,0,0,0,0,0,5.72,0,0,0,1.56,0,0,0,0.52,1.04,0,0,0,0.52,0,0,0,0.075,0.151,0,0,0,2.416,18,116,0
0,0,0,0,0,0,0,0,0,0,0,0,0,0,0,0,0,0,0,0,0,0,0,0,0,0,0,0,0,0,0,0,18.18,0,0,0,0,0,0,0,0,0,0,0,0,0,0,0,0,0,1.449,0,0,0,2,5,14,0
0,0,0,0,0,0,0,0,0,0,0,0,0,0,0,0,0,0,11.11,0,0,0,0,0,0,0,0,0,0,0,0,0,0,0,0,0,0,0,0,0,0,0,0,0,0,0,0,0,0,0,0,0,0,0,1.25,2,5,0
0,0,0,0,0,0,0,0,0,0,0,0.86,0,0,0,0,0,0,0,0,0,0,0,0,0,0,0,0,0.86,0,0,0,4.74,0,0,0.86,0,0,0,0,0,0,0,0.43,0,0,0,0,0,0.062,0,0,0,0,1.21,6,69,0
0,0.13,0.54,0,0.27,0.13,0,0,0,0.27,0,1.21,0,0,0,0.13,0,0,1.89,0,0.94,0,0,0,0.13,0.94,0,0,0,0,0,0,0,0,0,0,0.54,0,0,0,0,0,0.13,0,0,0,0,0,0.073,0.048,0,0.024,0,0,5.15,82,582,0
1.26,0,0,0,0,0,0,0,0,1.26,0,1.26,0,0,0,0,0,1.26,2.53,0,0,0,0,0,0,0,0,2.53,0,0,0,0,0,0,0,0,0,0,0,0,1.26,0,0,0,1.26,2.53,0,0,0,0,0,0,0,0,2.842,11,54,0
0,0,0,0,0.64,0,0,0,1.28,0,0,0.64,0,0,0,0,0,0,0,0,1.28,0,0,0,0,0,1.28,0,0,0,0,0,0,0,0,0,0.64,0,0,0,0,0,0,0,0.64,0,0,0,0,0,0,0.197,0,0,2.35,13,94,0
0,0,0,0,0.5,0,0,0,0,0,0,0.5,0,0,0,0,0,0,1.01,0,0,0,0,0,1.01,0.5,5.55,0.5,0.5,0.5,0.5,0.5,0,0.5,0.5,0.5,0.5,0,0.5,0.5,0,0,0.5,0,0.5,0,0,0,0.083,0.167,0,0.502,0,0,1.547,11,113,0
0,0,0,0,0,0,0,0,0,0,0,1.33,0,0,0,0,0,0,0.44,0,0,0,0,0,0,0.44,0,0,0,0,0,0,1.33,0,0.44,0,0.89,0,0,0,0,0,0,0,0,0,0,0,0,0.397,0,0,0,0,1.936,10,122,0
0,0,0,0,0.68,0,0,0,0,0,0,0,0,0,0,0,0,0,0,0,0,0,0,0,0,0.34,0,0,0,0,0,0,1.37,0,0,0,0,0,0,0,0,0,0,0,0.34,0,0,0,0,0.143,0,0,0,0,1.784,18,141,0
0,0,0,0,0.68,0,0,0,0,0,0,0,0,0,0,0,0,0,0,0,0,0,0,0,0,0.34,0,0,0,0,0,0,1.37,0,0,0,0,0,0,0,0,0,0,0,0.34,0,0,0,0,0.143,0,0,0,0,1.784,18,141,0
0,0,0,0,0.9,0,0,0,0,0,0,0,1.8,0,0,0.9,0,0,0.9,0,0,0,0,0,2.7,0.9,0.9,0.9,0.9,0.9,0.9,0.9,0,0.9,0.9,0.9,0,0,0,0.9,0,0,0,0,0,0,0,0,0,0.449,0,0,0,0,2.15,11,43,0
0,0,0,0,0,0,0,0.99,0,0,0,0.49,0,0,0,0,0,0,0,0,0,0,0,0,1.98,0.49,0,0.49,0.49,0.99,0,0,0,0,0.49,0.49,0,0,0,0,0,0,0,0,0,0,0,0,0,0.119,0,0,0,0,2.135,13,126,0
0,0,0,0,0,0.23,0.23,0.23,0,0,0,0.46,0,0.46,0,0,0,0,0.23,0,0,0,0.23,0,0,0,0,0,0,0,0,0,0.23,0,0,0,0.23,0,0,0,0,0,0,0,0,0,0,0,0.073,0,0,0,0,0,3.184,74,207,0
0,0,0,0,0,0,0,0,0,0,0,0,0.86,0.86,0,0,0,0,0,0,0,0,0,0,3.44,2.58,1.72,0.86,0.86,0.86,0.86,0.86,0,0.86,0.86,0.86,1.72,0,1.72,0.86,0,0,1.72,0,1.72,0,0,0,0,0.27,0.135,0.135,0,0,2.288,13,103,0
0.1,0,0,0,0,0.1,0,0.52,0,0.1,0,1.9,0.1,0.1,0,0.1,0.21,0,0,0,0,0,0,0,3.17,0,0,0,0,0,0,0,0,0,0,0.1,0.1,0,0,0,0,0,0,0.1,0,0,0,0,0.027,0.138,0,0.041,0.041,0,2.321,31,469,0
0,0,0,0,0,0,0,0,0,0,0,1.61,0,0,0,0,0,0,0.53,0,0,0,0,0,1.61,0.53,0,0,0.53,0,0,0,0,0,0,0.53,0,0,0,0,0,0.53,0,1.07,0,0,0,0.53,0,0,0,0,0,0,1.375,5,99,0
0,0,0.41,0,0.41,0,0,0,0,0,0,0,0,0,0,0,0,0,0,0,0,0,0,0,0,0,0,0,0,0,0,0,0.41,0,0,0,0.41,0,0,0,0,0,0,0.41,0,0.41,0,0,0,0,0,0,0,0,1.522,11,67,0
0,0,0,0,0.43,0,0,0,0,0,0,0.43,0,0,0,0,0,0,2.19,0,0,0,0,0,0,0,0.43,0,0,0,0,0,0.87,0,0,0,0,0,0,0,0,0,0,0,0,0,0,0,0.079,0.158,0,0,0,0,1.115,2,29,0
0.23,0,0.23,0,0.69,0,0,0,0,0,0,1.38,0,0,0,0,0,0,0.23,0,0,0,0,0,0.23,0.23,0,0,0,0,0,0,0.23,0,0,0,0,0,0,0,0,0,0,0.23,0,0,0,0,0,0.066,0,0,0,0,1.412,9,89,0
0,0,0,0,0,0,0,0,0,0,0,0,0,0,0,0,0,0,0,0,0,0,0,0,0,0,10,0,0,0,0,0,0,0,0,0,0,0,0,0,0,0,0,0,0,0,0,0,0,0,0,0,0,0,2.5,9,15,0
0,0,1.02,0,0,0,0,0,0,0,0,0,0,0,0,0,0,0,1.02,0,0,0,0,0,0,0,0,0,0,0,0,0,0,0,0,0,0,0,0,0,0,0,0,0,1.02,0,0,0,0,0,0.395,0,0,0,1.523,6,32,0
0,0,0,0,0,0,0,0,0.75,0,0,0.75,0,0,0,0,0,0,2.25,0,0,0,0,0,0,0,0,0,0,0,0,0,0,0,0,0,0,0,0,0,0,0,0,0,0.75,0,0,0,0,0.263,0,0,0,0,1.176,3,20,0
0,0,0,0,0,0,0,0,0,0,0,0,0,0,0,0,0,0,0,0,0,0,0,0,0,0,25,0,0,0,0,0,0,0,0,0,0,0,0,0,0,0,0,0,0,0,0,0,0,0,0,0,0,0,2,4,6,0
0,0,0.19,0,0.19,0.19,0,0,0,0.19,0,0.38,0,0,0,0,0,0.38,1.54,0,0.96,0,0,0,2.69,1.54,0.77,0.57,0.19,1.15,0.19,0.19,0,0.19,0.57,0.38,0.38,0,0,0.19,0.38,0,0.38,0,0.38,0,0,0.19,0.026,0.404,0.053,0.026,0,0,2.894,45,411,0
0,0,0,0,0,0,0,0.65,0,1.3,0,0,0,0,0,0,0,0.32,0.32,0,0.65,0,0,0,4.9,4.24,0.32,0,0,0.65,0,0,0,0,0,0,1.63,0,0,0,0.98,0,0,0,0.65,0,0,0,0.153,0.562,0.102,0,0,0,5.555,42,500,0
0.25,0,0,0,0,0,0,0,0.25,0,0,0,0,0,0,0.25,0,0,0.25,0,0,0,0,0,2.06,1.03,0.25,0.25,0.25,0.25,0.25,0.25,2.83,0.25,0.25,0.25,0.25,0,0,0.25,0,0,0.25,0,0.25,0,0,0,0.301,0.473,0.043,0.043,0,0,2.111,17,190,0
0,0,0,0,0,0,0,0,0,0,0,0,0,0,0.44,0,0,0.44,0,0,0,0,0,0,0.44,0.44,0,0.88,0,0,0,0,0,0,0.44,0,0,0,0,0,0,0,0,0.44,0,0,0,0,0,0.123,0,0,0,0,1.857,15,104,0
0,0,0.44,0,0.44,0,0,0,0,0.44,0,0.88,0,0,0,0,0,0.88,2.22,0,2.22,0,0,0,1.33,0.44,0.88,0.88,0,0.88,0,0,0,0,0.88,0,0,0,0,0,0,0,0,0,0,0,0,0.44,0,0.506,0,0.05,0,0,3.772,45,249,0
0.33,0,0,0,0,0,0,0,0.33,0,0,0,0,0,0,0,0,0,0.33,0,0,0,0,0,0,0,0,0,0,0,0,0,3.3,0,0,0,0,0,0,0,0,0,0,0,0,0,0,0,0,0.448,0,0.056,0,0,1.788,6,93,0
0,0,0,0,0,0,0,0,0,0,0,0,0,0,0,0,0,0,0,0,0,0,0,0,0,0,0,0,0,0,0,0,0,0,0,0,0,0,0,0,0,0,0,0,0,0,0,0,0,0,0,0,0,0,1.166,2,7,0
0,0,1.1,0,0,0,0,0,0,0.27,0.27,0.55,0,0,0,0,0,0,1.1,0,0.83,0,0,0,1.1,0.27,0,0,0.55,0.27,0,0,0,0,0,0,0.83,0,0,0,0,0,0,0,0,0,0,1.1,0.543,0.349,0,0,0,0,2.724,79,316,0
0,0.29,0.29,0,0.29,0,0,0.29,0,0,0.29,1.45,0,0,0,0,0.58,0,1.16,0,1.45,0,0,0,0.87,0,0,0,0,0,0,0,0,0,0,0,0,0,0,0,0,0,0,0,0,0,0,0,0.037,0.113,0,0,0.037,0,1.531,7,147,0
0,0,2.56,0,0,0,0,0,0,0,0,0,0,5.12,0,0,0,0,2.56,0,0,0,0,0,0,0,2.56,0,0,0,0,0,0,0,0,0,0,0,0,0,0,0,0,0,2.56,0,0,0,0,0.485,0,0,0,0,1,1,11,0
0,0,0,0,0,0,0,0,0,0,0,2.22,0,0,0,0,0,0,0,0,0,0,0,0,0,0,2.22,0,0,0,0,0,0,0,0,0,0,0,0,0,0,0,0,0,2.22,0,0,0,0,0,0,0.374,0,0,1.375,5,22,0
0,0,0,0,0,5.88,0,0,0,0,0,0,0,0,0,0,0,0,0,0,0,0,0,0,0,0,0,0,0,0,0,0,0,0,0,0,0,0,0,0,0,0,0,0,0,0,0,0,0,0,0,0,0,0,2.666,5,16,0
0,0,0,0,2.22,0,0,0,0,0,0,3.33,0,0,0,0,0,0,1.11,0,1.11,0,0,0,1.11,1.11,0,0,1.11,0,0,0,0,0,0,0,0,0,0,0,0,0,0,0,0,0,0,0,0,0,0,0,0,0,1,1,22,0
0,0,0,0,0,0,0,0,0,0,0,0,0,0,0,0,0,0,0,0,0,0,0,0,0,0,0,0,0,0,0,0,0,0,0,0,0,0,0,0,0,5.26,0,0,5.26,0,0,0,0,0,0,0,0,0,1.25,2,5,0
0,0,0,0,0,0,0,0,0,0,0,0,0,2.63,0,0,0,0,0,0,0,0,0,0,0,0,0,0,0,0,0,0,0,0,0,0,0,0,0,0,0,0,0,0,0,0,0,0,0,0,0,0,0,0,1.8,7,18,0
0,0,0,0,0,0,0,0,0,0,0,1.81,0,0,0,0,0,0,1.81,0,0,0,0,0,0,0,0,0,0,0,0,0,0,0,0,0,0,0,0,0,0,1.81,0,0,0,0,0,0,0,0.286,0,0,0,0,2.277,9,41,0
2,0,0,0,0,0,0,0,0,0,2,2,0,0,0,0,0,0,2,0,8,0,0,0,0,0,0,0,0,0,0,0,0,0,0,0,0,0,0,0,0,0,0,0,0,0,0,0,0,0,0,0,0,0,5.888,29,53,0
0,0,0,0,0,0,0,0,0,0,0,0,0,0,0,0,0,0,0,0,0,0,0,0,0,0,0,0,0,0,0,0,0,0,0,0,0,0,0,0,0,0,0,0,0,0,0,0,0,0,0,0,0,0,1,1,3,0
0,0,0,0,0,0,0,0,0,0,0,0,0,0,0,0,0,0,0,0,0,0,0,0,0,0,0,0,0,0,0,0,0,0,0,0,0,0,0,0,0,1.69,0,0,0,0,0,1.69,0,0,0,0,0,0,1.629,7,44,0
0,0,0,0,0.93,0,0,0,0,0.93,0,0.46,0,0,0,0,0,0,1.4,0,0,0,0,0,4.22,1.87,0.93,0.46,0.93,0.46,0.46,0.46,0,0.46,0.46,0.46,0.46,0,0,0.46,0,0,0.46,0,0.93,0,0,0,0,0.2,0.066,0,0,0,5.593,42,330,0
0,0,0,0,0,0,0,0,0,0,0,1.23,0,0,0,0,0,0,3.7,0,0,0,0,0,0,0,0,0,0,0,0,0,0,0,0,0,0,0,0,0,0,1.23,0,0,1.23,0,0,0,0,0.404,0,0,0,0,1.187,4,19,0
0,0,1.49,0,0,0,0,0,0,0,0,1.49,0,0,0,0,0,0,1.49,0,0,0,0,0,0,0,0,0,0,0,0,0,0,0,0,0,0,0,0,0,0,1.49,0,0,0,0,0,0,0,0.238,0,0.238,0,0,2,8,50,0
0,0,0,0,0,0,0,0,0,0,0,0,0,0,0,0,0,0,1.32,0,0,0,0,0,1.98,3.97,0,0,0,0.66,0,0,0,0,0,0.66,0,0,0,0,0,0,0,0,0,0,0,0,0,0,0,0.102,0,0,2.531,30,81,0
0,0.23,0,0,0,0.23,0,0.46,0,0,0,0.92,0,0,0.23,0,0,0.23,0.23,0,0,0,0,0,1.15,0.92,0,0,0,0.23,0,0,0.23,0,0,0.23,0.23,0,0,0,0,0.23,0.23,0,0,0.23,0,0,0.063,0.063,0,0.159,0,0,1.616,13,173,0
0,0,0,0,1.23,0,0,0,0,0,0,0,0,0,0,0,0,0,1.23,0,0,0,0,0,0,0,1.23,0,0,0,0,0,0,0,0,0,0,0,0,0,0,3.7,0,1.23,1.23,0,0,0,0,0.468,0,0,0,0,1.058,2,18,0
0,0.8,0,0,0,0,0,0,0,1.6,0,0,0,0,0,2.4,0,0,5.6,0,1.6,0,0,0,0,0,0,0,0,0,0,0,0,0,0,0,0,0,0,0,0,0,0,0,0,0,0,0,0,0,0,0.235,0,0,1.38,4,29,0
0.07,0,0.07,0,0,0.07,0,0,0,0,0.15,1.07,0.15,0.07,0,0,0.53,0,0,0,0,0,0.22,0,1.83,0,0,0,0,0,0,0,0,0,0,0.22,0.07,0,0,0,0,0,0,0,0,0,0,0,0.127,0.174,0,0,0.023,0,2.182,24,659,0
0.2,0,0.2,0,0.4,0,0,0,0,0,0.3,1.71,0,0.1,0,0,0.1,0,1.01,0.3,0.5,0,0,0,2.93,0,0,0,0,0,0,0,0,0,0,0,0,0,0,0,0,0,0,0,0,0,0,0,0,0.042,0,0.014,0,0,4.325,63,545,0
0,0,0,0,1.11,0,0,0,0,0,1.11,0,0,0,0,0,0,0,0,0,0,0,0,0,0,0,1.11,0,0,0,0,0,1.11,0,0,0,0,1.11,0,0,0,2.22,0,0,0,0,0,0,0,0.363,0,0.181,0,0,1.285,4,27,0
0,0,0,0,0,0.57,0,0,0,0,0,0,0,0,0,0,0,0,2.31,0,2.89,0,0,0,0,0,0,0,0,0,0,0,0,0,0,0,0.57,0,0,0,0,0,0,0,1.73,0.57,0,0,0,0,0,0,0,0,1.645,5,51,0
0.54,0,0,0,0,0,0,0,0,0,0,2.18,0.54,0,0,0,0,0,3.82,0,0.54,0,0,0,0,0,0,0,0,0,0,0,0,0,0,0,0.54,0,0,0,0,0,0,0,1.09,0,0,0,0,0.294,0,0.392,0,0,1.829,7,75,0
0,0,0,0,0,0,0,0,0,1.38,0,0,0,0,0,0,0,0,4.16,0,0,0,0,0,0,0,0,0,0,0,0,0,0,0,0,0,0,0,0,0,0,0,0,0,0,1.38,0,0,0,0,0,0,0,0,1.5,4,24,0
0,0,0,0,0,0,0,0,0,0,0,0,0,0,0,0,0,0,3.19,0,1.06,0,0,0,0,0,0,0,0,0,0,0,0,0,0,0,0,0,0,0,1.06,0,0,0,1.06,1.06,0,0,0,0,0,0.398,0,0,1.181,5,26,0
0,0,0,0,0,0,0,0,0,0,0,1.29,0,0,0,0,0,0,1.94,0,2.59,0,0,0,0,0,0,0,0,0,0,0,0,0,0,0,0,0,0,0,0,0,0,0,0,0.64,0,0,0,0.105,0.105,0,0,0,1,1,30,0
0,0,0,0,0,0,0,0,0,0,0,0,0,0,0,0,0,0,2.24,0,0,0,0,0,0,0,0,0,0,0,0,0,0,0,0,0,0.89,0,0.44,0,0,0,0,0,1.34,2.69,0,0,0,0,0,0,0,0,2.362,15,137,0
0,0,0,0,0,0,0,0,0,0,0,3.84,0,0,0,0,0,0,5.76,0,0,0,0,0,0,0,0,0,0,0,0,0,0,0,0,0,0,0,0,0,0,0,0,0,1.92,1.92,0,0,0,0,0,0,0,0,1.166,3,14,0
0,0,0.67,0,0,0,0,0,0,0,0,1.34,0,0,0,0,0,0,4.69,0,1.34,0,0,0,0,0,0,0,0,0.67,0,0,0,0,0,0,0,0,0,0,0,0,0,0,0,0.67,0,0,0,0.493,0,0,0,0,1.24,3,31,0
0,0,0,0,0,0,0,0,0,0,0,0,0,0,0,0,0,0,7.4,0,3.7,0,0,0,0,0,0,0,0,0,0,0,0,0,0,0,0,0,0,0,0,0,0,0,0,3.7,0,0,0,0,0,0.613,0,0,1,1,8,0
0,0,0,0,0,0,0,0,0,0,0,4.16,0,0,0,0,0,0,0,0,0,0,0,0,0,0,0,0,0,0,0,0,0,0,0,0,0,0,0,0,0,0,0,0,4.16,4.16,0,0,0,0,0,0,0,0,1,1,9,0
0,0,3,0,0,0,0,0,0,0,0,0,0,0,0,0,0,0,2,0,1,0,0,0,0,0,0,0,0,0,0,0,0,0,0,0,0,0,0,0,0,0,0,0,0,1,0,0,0,0,0,0,0,0,1.428,3,20,0
0,0,0,0,0,0,0,0,0,0,0,0,0,0,0,0,0,0,2.12,0,0,0,0,0,0,0,0,0,0,0,0,0,0,0,0,0,0,0,0,0,0,2.12,0,0,0,2.12,0,0,0,0.344,0,0,0,0,1.4,5,14,0
0,0,0,0,0,3.57,0,0,0,0,0,0,0,0,0,0,0,0,7.14,0,0,0,0,0,0,0,0,0,0,0,0,0,0,0,0,0,0,0,0,0,0,0,0,0,0,3.57,0,0,0,0,0,0,0,0,1,1,7,0
0,0,0,0,0,0,0,0,0,0,0,0,0,0,0,0,0,0,2.85,0,0,0,0,0,0,0,0,0,0,0,0,0,0,0,0,0,2.85,0,0,0,0,0,0,0,2.85,2.85,0,0,0,0.473,0,2.843,0,0,1.294,5,22,0
0,0,0,0,0,0,0,0,0,0,0,0,0,0,0,0,0,0,0,0,0,0,0,0,0,0,0,0,0,0,0,0,0,0,0,0,3.57,0,0,0,0,0,0,0,3.57,3.57,0,0,0,0.564,0,0,0,0,1.454,5,16,0
0,0,0,0,0,0,0,0,0,0,0,0,0,0,0,0,0,0,6.66,0,0,0,0,0,0,0,0,0,0,0,0,0,0,0,0,0,0,0,0,0,0,0,0,0,3.33,3.33,0,0,0,0.537,0,1.075,0,0,1.2,3,12,0
0,0,0,0,0,0,0,0,0,0,0,0,0,0,0,0,0,0,1.44,0,0,0,0,0,0,0,0,0,0,0,0,0,0,0,0,0,0.86,0,0.28,0,0,0,0,0,0.86,1.72,0,0,0,0,0,0,0,0,2.557,16,179,0
0,0,0,0,0,0,0,0,0,0,0,0,0,0,0,0,0,0.68,4.08,0,0.68,0,0,0,0,0,0,0,0,0,0,0,0,0,0,0,0.68,0,0,0,0,0.68,0,0,1.36,0.68,0,0,0,0.38,0,0,0,0,1.607,6,45,0
0.49,0,0.49,0,0.49,0,0,0,0,0,0,0.99,0,0,0,0,0,0,0.99,0,0,0,0,0,0,0,0,0,0,0,0,0,0,0,0,0,0.49,0,0,0,0,0,0,0,0.99,0.49,0,0,0,0,0,0.091,0,0,1.214,5,51,0
0,0,0,0,0,1.21,0,0,0,0,0,0,0,0,0,0,0,0,1.21,0,0,0,0,0,0,0,0,0,0,0,0,0,0,0,0,0,1.21,0,0,0,0,0,0,0,1.21,0,0,0,0,0.212,0,0,0,0,1.406,5,45,0
0,0,0,0,0,0,0,0,0,0,0,2.38,0,0,0,0,0,1.19,2.38,0,1.19,0,0,0,0,0,0,0,0,0,0,0,0,0,0,0,0,0,0,0,0,3.57,0,0,0,0,0,0,0,0.395,0,0,0.197,0,1.428,4,30,0
0,0,0,0,0,0,0,0,0,0,0,3.57,0,0,0,0,0,0,0,0,0,0,0,0,0,0,0,0,0,0,0,0,0,0,0,0,0,0,0,0,0,0,0,0,0,0,0,0,0,0.438,0,0,0,0,1,1,9,0
0,0,0,0,0,0,0,0,0,0,0,1.81,0,0,0,0,0,0,1.81,0,0,0,0,0,0,0,0,0,0,0,0,0,0,0,0,0,0,0,0,0,0,0.9,0,0,0,0,0,0,0,0.159,0,0,0.159,0,1.515,5,50,0
0,0,0,0,0,0,0,0,0,0,0,0,0,0,0,0,0,0,5,0,0,0,0,0,0,0,0,0,0,0,0,0,0,0,0,0,0,0,0,0,0,0,0,0,5,5,0,0,0,0,0,1.438,0,0,1,1,7,0
0.08,0,0.17,0,0,0.08,0,0,0.08,0,0,0,0.08,0,0,0,0,0.08,4.19,0,1.39,0,0,0,0,0,0,0,0,0,0,0,0,0,0,0,0,0,0,0,0,0,0,0,0.26,0,0,0,0.031,0.078,0,0.078,0,0,1.114,9,272,0
0,0,0,0,0,0,0,0,0,0,0,0,0,0,0,0,0,0,5.71,0,0,0,0,0,0,0,0,0,0,0,0,0,0,0,0,0,0,0,0,0,0,0,0,0,2.85,2.85,0,0,0,0,0,0,0,0,1.111,3,20,0
0,0,0,0,0,0,0,0,0,0,0,0,0,0,0,0,0,0,2.17,0,2.17,0,0,0,0,0,0,0,0,0,0,0,0,0,0,0,0,0,0,0,0,0,0,0,2.17,2.17,0,0,0,0.743,0,0.371,0,0.371,1.714,11,24,0
0,0,0,0,0,0,0,0,0,0,0,0,0,0,0,0,0,0,0,0,0,0,0,0,0,0,0,0,0,0,0,0,0,0,0,0,0,0,0,0,0,0,0,0,7.69,0,0,0,0,0,0,0,0,0,1.142,2,8,0
1.31,0,0,0,0,0,0,0,0,0,0,0,0,0,0,0,0,0,0,0,0,0,0,0,0,0,0,0,0,0,0,0,0,0,0,0,0,0,0,0,0,0,0,0,1.31,1.31,0,0,0,0,0,0,0,0,1.25,3,30,0
0,0,0,0,0,0,0,0,0,0,0,0.84,0,0,0,0,0,0,5.04,0,0.84,0,0,0,0,0,0,0,0,0,0,0,0,0,0,0,0,0,0,0,0,0,0,0,0.84,0,0,0,0,0.143,0,0.143,0,0,1.37,4,37,0
0,0,0,0,0,0,0,0,0,0,0,1.86,0,0,0,0,0,0,1.86,0,0.93,0,0,0,0,0,0,0,0,0,0,0,0,0,0,0,0,0,0,0,0,0,0,0,0.93,0,0,0,0,0,0,0.165,0,0,1.238,4,26,0
0,0,0,0,0,0,0,0,0,0,0,0,0,0,0,0,0,0,2.17,0,0,0,0,0,0,0,0,0,0,0,0,0,0,0,0,0,0,0,0,0,0,0,0,0,0,2.17,0,0,0,0,0,0.704,0,0,1,1,10,0
0,0,0,0,0,0,0,0,0,0,0,0,0,0,0,0,0,0,3.7,0,0,0,0,0,0,0,0,0,0,0,0,0,0,0,0,0,0,0,0,0,0,0,0,0,0,0,0,0,0,0,0,0.68,0,0,1,1,11,0
0,0,0,0,0,0,0,0,0,0,0,0,0,0,0,7.69,0,0,7.69,0,0,0,0,0,0,0,0,0,0,0,0,0,0,0,0,0,0,0,0,0,0,0,0,0,0,0,0,0,0,0,0,0,0,0,1,1,6,0
0,0,1.04,0,0,0,0,0,0,1.04,0,0,0,0,0,0,0,0,5.2,0,0,0,0,0,1.04,0,0,0,0,0,0,0,0,0,0,0,0,0,0,0,0,0,0,0,2.08,0,0,0,0,0.211,0,0.422,0,0,1.16,4,29,0
0,0,0,0,0,0,0,0,0,0,0,1.53,0,0,0,0,0,0,4.61,0,0,0,0,0,0,0,0,0,1.53,0,0,0,0,0,0,0,0,0,0,0,0,0,0,0,0,0,0,0,0,0,0,0,0,0,2.222,5,20,0
0,0,0,0,0.79,0.79,0,0,0,0,0,0,0,0,0,0,0,0,3.17,0,0,0,0,0,0,0,0,0,0,0,0,0,0,0,0,0,0,0,0,0,1.58,0,0,0,0.79,0,0,0,0,0,0,0,0,0,1.076,2,28,0
0.13,0,0.41,0,0,0,0,0.27,0,0,0.27,1.93,0.13,0,0,0,0,0.27,1.65,0,0.13,0,0,0,0,0,0,0,0,0,0,0,0.13,0,0,0,0,0,0,0,0,0,0,0,0.82,0,0,0.13,0,0.023,0.046,0.164,0,0,1.279,11,183,0
0,0,0,0,0,0,0,0,0,0,0,0,0,0,0,0,0,0,2.46,0,0,0,0,0,0,0,0,0,0,0,0,0,0,0,0,0,0.61,0,0,0,0,0,0,0,0.61,0,0,0,0,0.118,0,0,0.118,0,1.59,5,35,0
0,0,0,0,0,0,0,0,0,0,0,0,0,0,0,0,0,0,0,0,0,0,0,0,0,0,0,0,0,0,0,0,0,0,0,0,0,0,0,0,0,0,0,0,4.16,0,0,0,0,0,0,0,0,0,2.666,7,24,0
0,0,0,0,0,0,0,0,0,0,0,0,0,0,0,0,0,0,3.22,0,0,0,0,0,0,0,0,0,0,0,0,0,0,0,0,0,0,0,0,0,0,0,0,3.22,0,0,0,0,0,0,0,0.546,0,0,1.75,7,14,0
0,0,0,0,0,0,0,0,0,0.95,0,0,0,0,0,0,0,0,2.85,0,0.95,0,0,0,0,0,0,0,0,0,0,0,0,0,0,0,0,0,0,0,0,0,0,0,0.95,0,0,0,0.172,0.172,0,0,0,0,1.263,5,24,0
0,0,1.49,0,0,0,0,0,0,0,0,0,0,0,0,0,0,0,1.49,0,2.98,0,0,0,0,0,0,0,0,0,0,0,0,0,0,0,0,0,0,0,0,0,0,0,1.49,0,0,0,0,0,0,1.069,0,0,1,1,13,0
0,0,0.82,0,0,0,0,0,0,0,0,0,0,0,0,0,0,0,0.41,0,0,0,0,0,0,0,0,0,0,0,0,0,0,0,0,0,0,0,0,0,0,0,0,0,0.41,7.88,0,0,0.109,0,0,0.054,0,0,1.786,14,134,0
0,0,0,0,0,0.6,0,0,0,0.6,0,0.6,0.6,0,0,0,0,0,3.04,0,0,0,0,0,0,0,0,0,0,0,0,0,0,0,0,0,0.6,0,0,0,0,0,0,0,0.6,3.04,0,0,0.094,0,0,0.094,0.189,0,1.976,15,83,0
0,0,0,0,0,0,0,0,0,0,0,0,0,0,0,0,0,0,4.34,0,0,0,0,0,0,0,0,0,0,0,0,0,0,0,0,0,0,0,0,0,0,0,0,0,0,2.89,0,0,0,0.188,0,0.564,0,0,1,1,14,0
0,0,0,0,0,0,0,0,0,0,0,1.28,0,0,0,0,0,0,3.84,0,0,0,0,0,0,0,0,0,0,0,0,0,0,0,0,0,0,0,0,0,0,0,0,0,0,2.56,0,0,0.182,0.182,0,0,0,0,1,1,9,0
0,0,0,0,0,0,0,0,0,0,0,0,0.47,0,0,0,0,0,1.43,0,0,0,0,0,0,0,0,0,0,0,0,0,0,0,0,0,0,0,0.47,0,0,0,0,0.47,0.47,1.91,0,0,0,0.076,0,0.076,0,0,1.833,12,77,0
0,0,0,0,0,0,0,0,0,0,0,1.75,0,0,0,0,0,0,3.5,0,0,0,0,0,0,0,0,0,0,0,0,0,0,0,0,0,0,0,0,0,0,0,0,0,0.87,1.75,0,0,0,0,0,0.259,0,0,1.681,12,37,0
0.66,0.66,0.66,0,0,0,0,0,0,1.33,0,0,0,0,0,0.66,0,0,3.33,0,2.66,0,0,0,0,0,0,0,0,0,0,0,0,0,0,0,0,0,0,0,0,0,0,0,0,0,0,0,0,0,0,0.117,0,0,2.487,17,97,0
0,0,0,0,0,0,0,0,0,1,0,0,0,0,0,0,0,0,2,0,0,0,0,0,0,0,0,0,0,0,0,0,0,0,0,0,1,0,0,0,0,0,0,0,0,5,0,0,0,0,0,0,0,0,2.413,15,70,0
0,0,0,0,0,0,0,0,0,0,0,0,0,0,0,0,0,0,2.94,0,0,0,0,0,0,0,0,0,0,0,0,0,0,0,0,0,0,0,0,0,0,0,0,0,0,5.88,0,0,0,0,0,0,0,0,1,1,8,0
0,0,0,0,0,0,0,0,0,0,0,0,0.68,0,0,0,0,0,4.1,0,0,0,0,0,0,0,0,0,0,0,0,0,0,0,0,0,0.68,0,0,0,0,0,0,0,0.68,3.42,0,0,0,0,0,0.109,0.218,0,1.897,15,74,0
0,0,0,0,0,0,0,0,0,0,0,0,0,0,0,0,0,0,2.56,0,0,0,0,0,0,0,0,0,0,0,0,0,0,0,0,0,0,0,0,0,0,0,0,0,0,5.12,0,0,0,0,0,0.248,0,0,1.1,2,11,0
0,0,0,0,0,0,0,0,0,1.44,0,0,0,0,0,0,0,0,4.34,0,0,0,0,0,0,0,0,0,0,0,0,0,0,0,0,0,0,0,0,0,0,0,0,0,0,2.89,0,0,0,0,0,0.954,0,0,9.125,63,73,0
0,0,0,0,0,0,0,0,0,0,0,0.45,0,0,0,0,0,0,4.1,0,1.36,0,0,0,0,0,0,0,0,0,0,0,0,0,0,0,0,0,0,0,0,0,0,0,0.45,0.91,0,0,0,0.219,0,0,0,0,1.225,5,49,0
0,0,2.04,0,0,0,0,0,0,0,0,0,0,0,0,0,0,0,4.08,0,2.04,0,0,0,0,0,0,0,0,0,0,0,0,0,0,0,0,0,0,0,0,0,0,0,2.04,4.08,0,0,0.226,0,0,0,0,0,1,1,8,0
0,0,0,0,0,0,0,0,0,2.55,0,0,0,0,0,0,0,0,3.06,0,0,0,0,0,0,0,0,0,0,0,0,0,0,0,0,0,0,0,0,0,0,0,0,0,1.02,1.02,0,0,0,0.253,0,0.169,0.169,0,1.677,7,52,0
0,0,0,0,0,0,0,0,0,0.84,0,0.84,0,0,0,0,0,0,2.54,0,1.69,0,0,0,0,0,0,0,0,0,0,0,0,0,0,0,0,0,0,0,0,0,0,0,0,1.69,0,0,0,0.134,0,0,0,0,1.285,5,27,0
0,0,0,0,0,0,0,0,0,0,0,0,0,0,0,0,0,0,5.81,0,1.16,0,0,1.16,0,0,0,0,0,0,0,0,0,0,0,0,0,0,0,0,0,0,0,0,0,2.32,0,0,0,0.163,0,0.49,0,0,2.125,7,34,0
0,0,0.35,0,0.35,0,0,0,0.35,0,0,0,0,0,0,0,0,0,1.4,0,3.5,1.05,0,0,0,0,0,0,0,0,0,0,0,0,0,0,0.35,0,0,0,0,0,0,0,0,0.35,0,0,0,0.65,0,0,0,0.05,2.483,17,226,0
0,0,0.52,0,0,1.04,0,0,0,0.52,0,1.57,0,0,0,0,0,0,3.66,0,0.52,0,0,0,0,0,0,0,0,0,0,0,0,0,0,0,0,0,0,0,0,0,0,0,0,1.04,0,0,0,0,0,0.09,0,0,1.466,6,44,0
0,0,0,0,0,0,0,0,0,1.02,0,0,1.02,0,0,0,0,0,4.08,0,0,0,0,0,0,0,0,0,0,0,0,0,0,0,0,0,0,0,0,0,0,0,0,0,0,2.04,0,0,0,0,0,0.147,0,0,1.333,4,24,0
0.63,0.63,0,0,0,0,0,0,0,0.63,0,0,0,0,0.63,0,0,0,4.45,0,0,0,0,0,0,0,0,0,0,0,0,0,0,0,0,0,0,0,0,0,0,0,0,0,1.27,1.91,0,0,0,0.204,0,0.102,0,0,1.361,4,49,0
0,0,0,0,0,0,0,0,0,0,0,0,0,0,0,1.25,0,1.25,2.5,0,1.25,0,0,0,0,0,0,0,0,0,0,0,0,0,0,0,0,0,0,0,0,0,0,0,0,0,0,0,0,0,0,0,0,0,4.176,55,71,0
0.1,0.72,0.62,0,0.62,0.1,0.2,0.2,0,0,0.1,0.51,0,0,0,0,0,0.82,3.61,0,0.93,0,0.1,0,0,0,0,0,0,0,0,0,0,0,0,0,0,0,0,0,0,0,0.2,0,0,0.41,0,0,0,0.122,0,0.157,0,0,2.213,29,425,0
0,0,0,0,0,0,0,0,0,0,0,0,0,0,0,0,0,0,0,0,0,0,0,0,0,0,0,0,0,0,0,0,0,0,0,0,0,0,0,0,0,0,0,0,6.25,0,0,0,0,0,0,0,0,0,1,1,7,0
0,0,0,0,0,0,0,0,0,0,0,0,0,0,0,0,0,0,0,0,0,0,0,0,0,0,0,0,0,0,0,0,0,0,0,0,0,0,0,0,0,0,0,0,1.47,1.47,0,0,0,1.066,0,0.213,0,0,1.333,3,36,0
0,0,0,0,0,0,0,0,0,0,0,0,1.29,0,0,0,0,0,0,0,0,0,0,0,0,0,0,0,0,0,0,0,0,0,0,0,0,0,0,0,0,0,0,0,1.29,0,0,0,0.246,0,0,0,0.246,0,1.363,4,30,0
0,0,0,0,0,0,0,0,0,0,0,0,1.13,0,0,0,0,0,1.13,0,0,0,0,0,0,0,0,0,0,0,0,0,0,0,0,0,0,0,0,0,0,0,0,0,1.13,0,0,0,0.634,0,0.211,0,0.211,0,1.347,4,31,0
0,0,0,0,0,0,0,0,0,0,0,0,0,0,0,1.47,0,0,0,0,0,0,0,0,0,0,0,1.47,0,0,0,0,0,0,0,0,0,0,0,0,0,0,0,0,0,0,0,0,0,0.253,0.253,0,0,0,2.352,17,40,0
0,0,1.58,0,0,0,0,0,0,0,0,0,0,0,0,0,0,0,3.17,0,4.76,0,0,0,0,0,0,0,0,0,0,0,0,0,0,0,0,0,0,0,0,0,0,0,0,0,0,0,0,0,0,0,0,0,1.23,4,16,0
0.34,0,0.69,0,0,0,0,0,0,0,0,0.69,0,0,0,0,0,0,2.09,0,0,0,0,0,0,0,0,0,0,0,0,0,0,0,0,0,0,0,0,0,0,0.69,0,1.39,0,0.34,0,0,0,0.374,0,0,0,0,1.775,5,71,0
0,0,0,0,0,0,0,0,0,0,0,0.6,0,0,0,0,0,0,1.2,0,0,0,0,0,0,0,0,0,0,0,0,0,0,0,0,0,0,0,0,0,0,0,0,0,0,0,0,0,0,0,0,0.21,0,0,1.454,5,32,0
0.9,0,0.9,0,0,0,0,0,0,0,0,0,0,0,0,0,0,0.9,3.6,0,0,0,0,0,0,0,0,0,0,0,0,0,0,0,0,0,0,0.9,0,0,0,0,0,1.8,0.9,0,0,0,0,0,0,0,0,0,1.727,5,19,0
0,0,0.4,0,0,0,0,0,0.4,0.4,0,0,0,0,0,0,0,0.4,1.63,0,0.4,0,0,0,0,0,0,0,0,0,0,0,0,0,0,0,0,0.4,0,0,0.81,0,0,0,0,3.68,0,0,0.139,0,0,0.069,0,0,2.525,15,101,0
0,0,0,0,0,0,0,0,0,0,0,0,0,0,0,0,0,0,0,0,0,0,0,0,0,0,0,0,0,0,0,0,0,0,0,0,0,0,0,0,1.8,0,0,0,0.9,4.5,0,0,0.145,0,0,0,0,0,2.638,20,124,0
0,0,0,0,0,0,0,0,0,0,0,0,0,0,0,0,0,0,0,0,0,0,0,0,0,0,0,0,0,0,0,0,0,0,0,0,0,0,0,0,0,0,0,0,0,0,0,0,0,0,0,0,0,0,1,1,5,0
0,0,0,0,0,0,0,0,0,0,0,0,0,0,0,0,0,0,0,0,0,0,0,0,0,0,0,0,0,0,0,0,0,0,0.08,0,0,0,0,0,0,0,0,0,0.08,0,0,0,0,2.263,0,0,0,0,3.149,9,1310,0
0,0,0,0,0.66,0,0,0,0,0,0,0.66,0,0,0,0,0.66,0,3.33,0,0,0,0,0,0.66,0,0,0,0,0,0,0,0,0,0,0,0,0,0,0,0,0,0,0.66,0,0,0,0,0,0.254,0,0,0,0,1.458,7,35,0
1.08,0,1.08,0,0,0,0,0,0,0,0,0,0,0,0,0,0,0,0,0,0,0,0,0,0,0,0,0,0,0,0,0,0,0,0,0,0,0,0,0,0,0,0,0,1.08,0,0,0,0,0,0,0,0,0,1.523,5,32,0
0,0,0,0,0,0,0,0,0,0.44,0,0,0.44,0,0,0,0,0,3.53,0,0.44,0,0,0,0,0,0,0,0,0,0,0,0,0,0,0,0,0,0,0,0,0,0,0,0.44,0.44,0,0,0,0,0,0,0,0,2.063,47,97,0
0,0,0,0,0,0,0,0,0,0,0,0,0,0,0,0,0,0,0.53,0,0,0,0,0,0,0,0,0,0,0,0,0,0,0,0,0,1.06,0,0,0,0,0,0,0,1.06,2.65,0,0,0,0.322,0,0,0,0.129,2.6,18,182,0
0,0.78,1.56,0,0,0,0,0,0,0,0,0.78,0,0,0,0,0,1.56,5.46,0,3.9,0,0,0,0,0,0,0,0,0,0,0,0,0,0,0,0,0,0,0,0,0,0,0,0,0,0,0,0,0.137,0,0.275,0,0,1.625,9,39,0
0,0,0,0,0,1.63,0,0,0,0,0,0,0.81,0,0,0,0,0,3.27,0,0,0,0,0,0,0,0,0,0,0,0,0,0,0,0,0,0,0,0.81,0,0,0,0,0,0.81,2.45,0,0,0,0,0,0,0,0,2.829,47,116,0
0,0,0.55,0,0,0,0,0,0,0,0,0.55,0.55,0,0,0,0,0,0.55,0,0,0,0,0,0,0,0,0,0,0,0,0,0,0,0,0,0,0,0,0,0,0,0,0,0,0.55,0,0,0,0.087,0,0,0,0,2.54,47,94,0
0,0,0,0,0,0,0,0,0,0,0,0,1.26,0,0,0,0,0,2.53,0,1.26,0,0,0,0,0,0,0,0,0,0,0,0,0,0,0,0,0,0,0,0,0,0,0,0,1.26,0,0,0,0,0,0,0,0,4.352,47,74,0
0,0,0,0,0,0,0,0,0,0,0,0,0.62,0,0,0,0,0,3.75,0,0.62,0,0,0,0,0,0,0,0,0,0,0,0,0,0,0,0,0,0,0,0,0,0,0,1.25,1.87,0,0,0,0,0,0,0,0,2.704,47,119,0
0,0,0.81,0,0.27,0,0,0,0,0.27,0,0.27,0.27,0,0,0,0,0,2.16,0,0.54,0,0,0,0,0,0,0,0,0,0,0,0,0,0,0,0,0,0,0,0,0,0,0,0.54,0.27,0,0,0.045,0.091,0,0.045,0,0,2.078,47,106,0
0,0,0.78,0,0,0.78,0,0,0,0.78,0,0,0.78,0,0,0,0,0,1.56,0,0.78,0,0,0,0,0,0,0,0,0,0,0,0,0,0,0,0,0,0,0,0,0,0,0,0,0.78,0,0,0,0.12,0,0.12,0,0,2.862,47,83,0
0,0,0,0,0,0,0,0,0,0,0,0,1.47,0,0,0,0,0,2.94,0,2.94,0,0,0,0,0,0,0,0,0,0,0,0,0,0,0,0,0,0,0,0,0,0,0,0,1.47,0,0,0,0,0,0,0,0,4.312,47,69,0
0,0,0,0,0,0,0,0,0,0.54,0,0,0.54,0,0,0,0,0,5.43,0,1.63,0,0,0,0,0,0,0,0,0,0,0,0,0,0,0,0,0,0,0,0,0,0,0.54,1.63,0.54,0,0,0,0.083,0,0,0,0,2.827,47,82,0
0,0,0,0,0,0.33,0,0,0,0,0,0,0.82,0.16,0,0,0,0,0.33,0,0,0,0,0,0,0,0,0,0,0,0,0,0,0,0,0,0,0,0,0,0,0,0,0,0.49,0.16,0,0,0.019,0.039,0,0.059,0,0,1.632,47,191,0
0,0,0,0,0,0.65,0,0,0,0,0,0,0.65,0,0,0,0,0,1.31,0,0,0,0,0,0,0,0,0,0,0,0,0,0,0,0,0,0,0,0,0,0,0,0,0,0,0.65,0,0,0,0,0,0,0,0,2.555,47,92,0
0,0,0.43,0,0,0,0,0,0,0,0,3.94,0,0,0,0,0,0,2.63,0,1.31,0,0,0,0,0,0,0,0,0,0,0,0,0,0,0,0,0,0,0,0,0,0,0,0,0,0,0,0,0,0,0,0,0,1.314,5,46,0
0,0,0.5,0,0,0.5,0,0,0,0,0,0,1,0,0,0,0,0,2,0,0,0,0,0,0,0,0,0,0,0,0,0,0,0,0,0,0,0,0,0,0,0,0,0,1,0.5,0,0,0,0,0,0,0,0,2.527,47,91,0
0,0,0,0,0,0,0,0,0,0,0,0,1.09,0,0,0,0,0,2.19,0,0,0,0,0,0,0,0,0,0,0,0,0,0,0,0,0,0,0,0,0,0,0,0,0,0,1.09,0,0,0,0,0,0,0,0,3.304,47,76,0
0.32,0,0.16,0,0,0,0,0,0,0,0,1.29,0.48,0,0,0.16,0,0,2.43,0,0.32,0,0,0,0,0,0,0,0,0,0,0,0,0,0,0,0,0,0.16,0,0,0,0,0,0.48,0.16,0,0,0,0,0,0.082,0,0,1.704,47,167,0
0.43,0,1.31,0,0,0.43,0,0,0,0,0,0,0.87,0,0,0,0,0,0.87,0,0,0,0,0,0,0,0,0,0,0,0,0,0,0,0,0,0,0,0,0,0,0,0,0,0,0.43,0,0,0,0,0,0,0,0,2.137,47,109,0
0,0,0,0,0,0,0,0,0,0,0,0,0.97,0,0,0,0,0,4.85,0,0,0,0,0,0,0,0,0,0,0,0,0,0,0,0,0,0,0,0,0,0,0,0,0,0,0.97,0,0,0,0,0,0,0,0,3.391,47,78,0
0,0,0.67,0,0,0,0,0,0,0,0,1.01,0.33,0,0,0,0,0,1.35,0,0.33,0,0.33,0,0,0,0,0,0,0,0,0,0,0,0,0,0,0,0,0,0,0,0,0,0.33,0.33,0,0,0,0,0,0.174,0,0,2.071,47,116,0
0.15,0,0.15,0,0,0,0,0,0.07,0,0,0.07,0.15,0,0,0.07,0,0.07,3.6,0,1.3,0,0,0,0,0,0,0,0,0,0,0,0,0,0,0,0,0,0,0,0,0,0,0,0.15,0,0,0,0.013,0.123,0,0.082,0,0,1.111,9,328,0
0.09,0,0.54,0,0,0.09,0,0,0.09,0,0,0.09,0.09,0,0,0.09,0,0,0.09,0,0.09,0,0,0,0,0,0,0,0,0,0,0,0,0,0,0,0,0,0,0,0,0,0,0,0,0.09,0,0,0,0.017,0,0.034,0,0,1.429,47,306,0
0,0,0.38,0,0.19,0.29,0,0,0,0,0,0,0.87,0,0,0.09,0,0,0.19,0,0.09,0,0,0,0,0,0,0,0,0,0,0,0,0,0,0,0,0,0,0.09,0,0,0,0,0,0.09,0,0,0,0,0,0,0,0,1.508,47,187,0
0,0,0.09,0,0,0,0,0,0,0,0,0.47,0.66,0,0,0.09,0,0,1.23,0,0.09,0,0,0,0,0,0,0,0,0,0,0,0,0,0,0,0,0,0,0,0,0,0,0,0.37,0.09,0,0,0,0.033,0,0,0,0,1.536,47,192,0
0,0,0,0,0,0,0,0,0,0,0,0,0,0,0,0,0,0,2.68,0,1.34,0,0,0,0,0,0,0,0,0,0,0,0,0,0,0,0,0,0,0,0,0,0,0,0.67,0,0,0,0,0,0,0.471,0,0,1.033,2,31,0